{"0":{"{\"position\": [31, 43]}":1.6729073462,"{\"position\": [30, 43]}":4.1130332776,"{\"position\": [32, 43]}":2.570242952,"{\"position\": [31, 42]}":2.6652338812,"{\"position\": [30, 42]}":0.0545199927,"{\"position\": [30, 41]}":-0.0734789133,"{\"position\": [31, 41]}":-0.0005743432,"{\"position\": [29, 42]}":-0.00005},"1":{"{\"position\": [31, 43]}":19.306006588,"{\"position\": [30, 43]}":0.9024616264,"{\"position\": [32, 43]}":-0.0006253972,"{\"position\": [31, 42]}":31.5228107204,"{\"position\": [30, 42]}":0.0540760675,"{\"position\": [30, 41]}":1.2444300895,"{\"position\": [31, 41]}":-0.0005659693,"{\"position\": [29, 42]}":-0.00005},"2":{"{\"position\": [31, 43]}":1.7050779084,"{\"position\": [30, 43]}":0.0222174294,"{\"position\": [32, 43]}":-0.0006415141,"{\"position\": [31, 42]}":0.0468691644,"{\"position\": [30, 42]}":7.414244501,"{\"position\": [30, 41]}":-0.0037583416,"{\"position\": [31, 41]}":-0.0005818797,"{\"position\": [29, 42]}":0.0689829112},"3":{"{\"position\": [31, 43]}":4.5032979922,"{\"position\": [30, 43]}":0.02271549,"{\"position\": [32, 43]}":4.6706205636,"{\"position\": [31, 42]}":6.2903615644,"{\"position\": [30, 42]}":0.0397618329,"{\"position\": [30, 41]}":-0.0074017148,"{\"position\": [31, 41]}":0.0064490067,"{\"position\": [29, 42]}":0.0},"4":{"{\"position\": [31, 43]}":68.4669830429,"{\"position\": [30, 43]}":0.0219549072,"{\"position\": [32, 43]}":-0.0006226464,"{\"position\": [31, 42]}":0.0460885104,"{\"position\": [30, 42]}":0.052638001,"{\"position\": [30, 41]}":-0.0004596399,"{\"position\": [31, 41]}":-0.0005598733,"{\"position\": [29, 42]}":0.0}}