{"0":{"{\"position\": [18, 10]}":111.2359435804,"{\"position\": [18, 11]}":-0.0064617405,"{\"position\": [19, 10]}":-0.0001854938},"1":{"{\"position\": [18, 10]}":653.8235197489,"{\"position\": [18, 11]}":463.8221839621,"{\"position\": [19, 10]}":-0.0001854938},"2":{"{\"position\": [18, 10]}":-0.0002069281,"{\"position\": [18, 11]}":-0.0007364799,"{\"position\": [19, 10]}":-0.0001854938},"3":{"{\"position\": [18, 10]}":-0.0001854938,"{\"position\": [18, 11]}":-0.0007364799,"{\"position\": [19, 10]}":479.3434163908},"4":{"{\"position\": [18, 10]}":-0.0001854938,"{\"position\": [18, 11]}":785.3610809569,"{\"position\": [19, 10]}":147.6609972468}}