{"0":{"{\"position\": [26, 27]}":-0.0034724537,"{\"position\": [27, 27]}":0.0802764225,"{\"position\": [26, 26]}":0.0140969544,"{\"position\": [25, 27]}":0.0143472603,"{\"position\": [25, 26]}":-0.0040299734,"{\"position\": [27, 26]}":-0.0026121431,"{\"position\": [28, 27]}":0.0953751381,"{\"position\": [28, 26]}":-0.0004012631,"{\"position\": [27, 28]}":-0.0004012631,"{\"position\": [26, 25]}":-0.0375547447,"{\"position\": [27, 25]}":-0.0000975},"1":{"{\"position\": [26, 27]}":-0.0226272174,"{\"position\": [27, 27]}":-0.0011850843,"{\"position\": [26, 26]}":0.0140441969,"{\"position\": [25, 27]}":0.014339708,"{\"position\": [25, 26]}":-0.0007364799,"{\"position\": [27, 26]}":0.1886616243,"{\"position\": [28, 27]}":0.2019455542,"{\"position\": [28, 26]}":-0.0004012631,"{\"position\": [27, 28]}":-0.0004170193,"{\"position\": [26, 25]}":1.2532252243,"{\"position\": [27, 25]}":3.144974843},"2":{"{\"position\": [26, 27]}":-0.0052042744,"{\"position\": [27, 27]}":-0.076,"{\"position\": [26, 26]}":0.0925622986,"{\"position\": [25, 27]}":10.4910260833,"{\"position\": [25, 26]}":10.2740291692,"{\"position\": [27, 26]}":-0.0173485289,"{\"position\": [28, 27]}":0.2011654334,"{\"position\": [28, 26]}":-0.0004012631,"{\"position\": [27, 28]}":-0.0514179949,"{\"position\": [26, 25]}":-0.0112388583,"{\"position\": [27, 25]}":-0.00005},"3":{"{\"position\": [26, 27]}":-0.088845336,"{\"position\": [27, 27]}":0.1465081237,"{\"position\": [26, 26]}":0.013710237,"{\"position\": [25, 27]}":0.4035565706,"{\"position\": [25, 26]}":-0.0007226104,"{\"position\": [27, 26]}":-0.0009999646,"{\"position\": [28, 27]}":4.6872561267,"{\"position\": [28, 26]}":0.306511867,"{\"position\": [27, 28]}":-0.0004012631,"{\"position\": [26, 25]}":-0.0026931674,"{\"position\": [27, 25]}":-0.00005},"4":{"{\"position\": [26, 27]}":49.99905,"{\"position\": [27, 27]}":-0.001,"{\"position\": [26, 26]}":0.0135043028,"{\"position\": [25, 27]}":0.0146554767,"{\"position\": [25, 26]}":-0.0007226104,"{\"position\": [27, 26]}":-0.0009999646,"{\"position\": [28, 27]}":0.0507847811,"{\"position\": [28, 26]}":-0.0003697506,"{\"position\": [27, 28]}":49.9996487369,"{\"position\": [26, 25]}":-0.0003365796,"{\"position\": [27, 25]}":-0.00005}}