{"0":{"{\"position\": [26, 43]}":0.329636676,"{\"position\": [27, 43]}":-0.0000975,"{\"position\": [25, 43]}":1.5645072499,"{\"position\": [26, 42]}":0.0638506703,"{\"position\": [27, 42]}":-0.0007434146},"1":{"{\"position\": [26, 43]}":0.178436907,"{\"position\": [27, 43]}":-0.0000975,"{\"position\": [25, 43]}":0.7231767067,"{\"position\": [26, 42]}":0.1169100607,"{\"position\": [27, 42]}":-0.0007434146},"2":{"{\"position\": [26, 43]}":0.1789092922,"{\"position\": [27, 43]}":15.7093603913,"{\"position\": [25, 43]}":24.9781721048,"{\"position\": [26, 42]}":0.11349343,"{\"position\": [27, 42]}":-0.0007496559},"3":{"{\"position\": [26, 43]}":0.1805138889,"{\"position\": [27, 43]}":46.5207324869,"{\"position\": [25, 43]}":0.80675664,"{\"position\": [26, 42]}":0.1165861764,"{\"position\": [27, 42]}":0.039464544},"4":{"{\"position\": [26, 43]}":0.1737852909,"{\"position\": [27, 43]}":4.8252991852,"{\"position\": [25, 43]}":16.6701180758,"{\"position\": [26, 42]}":0.0645742389,"{\"position\": [27, 42]}":-0.0007496559}}