{"0":{"{\"position\": [20, 19]}":0.3794137801,"{\"position\": [20, 18]}":0.3305859348,"{\"position\": [19, 18]}":-0.0040938653,"{\"position\": [19, 19]}":0.1161651168,"{\"position\": [21, 19]}":2.1369340695,"{\"position\": [21, 18]}":-0.0421968476,"{\"position\": [18, 19]}":-0.0103037802,"{\"position\": [18, 18]}":-0.0208492223,"{\"position\": [20, 17]}":-0.0009989293},"1":{"{\"position\": [20, 19]}":27.3108802876,"{\"position\": [20, 18]}":0.4811359273,"{\"position\": [19, 18]}":0.046737183,"{\"position\": [19, 19]}":0.1080611586,"{\"position\": [21, 19]}":1.4420035113,"{\"position\": [21, 18]}":1.0326009666,"{\"position\": [18, 19]}":-0.0029649813,"{\"position\": [18, 18]}":0.0192652662,"{\"position\": [20, 17]}":-0.0009988974},"2":{"{\"position\": [20, 19]}":27.339653768,"{\"position\": [20, 18]}":-0.0046822227,"{\"position\": [19, 18]}":0.117759055,"{\"position\": [19, 19]}":73.0902393804,"{\"position\": [21, 19]}":-0.0743313401,"{\"position\": [21, 18]}":-0.0007333679,"{\"position\": [18, 19]}":21.1034516775,"{\"position\": [18, 18]}":-0.0007684317,"{\"position\": [20, 17]}":-0.0021558697},"3":{"{\"position\": [20, 19]}":15.1675963879,"{\"position\": [20, 18]}":-0.0049149082,"{\"position\": [19, 18]}":0.0468442889,"{\"position\": [19, 19]}":0.1076165465,"{\"position\": [21, 19]}":24.4612298921,"{\"position\": [21, 18]}":-0.0007364799,"{\"position\": [18, 19]}":-0.0056394797,"{\"position\": [18, 18]}":-0.0007621731,"{\"position\": [20, 17]}":-0.0009988819},"4":{"{\"position\": [20, 19]}":76.9118906247,"{\"position\": [20, 18]}":0.2306781355,"{\"position\": [19, 18]}":0.0461558799,"{\"position\": [19, 19]}":0.1055854625,"{\"position\": [21, 19]}":1.571662807,"{\"position\": [21, 18]}":-0.0007364799,"{\"position\": [18, 19]}":2.4729735914,"{\"position\": [18, 18]}":-0.0007670274,"{\"position\": [20, 17]}":-0.0009988741}}