{"0":{"{\"position\": [14, 19]}":8.4592430757,"{\"position\": [13, 19]}":0.098704878,"{\"position\": [14, 18]}":-0.0138262497,"{\"position\": [13, 18]}":-0.0008613515,"{\"position\": [15, 19]}":0.6912623916,"{\"position\": [15, 18]}":0.2071134471,"{\"position\": [16, 19]}":-0.0007364799},"1":{"{\"position\": [14, 19]}":14.895398801,"{\"position\": [13, 19]}":0.0391273997,"{\"position\": [14, 18]}":8.6948795612,"{\"position\": [13, 18]}":0.1125884028,"{\"position\": [15, 19]}":0.9045577696,"{\"position\": [15, 18]}":0.3161683313,"{\"position\": [16, 19]}":-0.0007364799},"2":{"{\"position\": [14, 19]}":0.0012344405,"{\"position\": [13, 19]}":0.0393100154,"{\"position\": [14, 18]}":-0.0004573355,"{\"position\": [13, 18]}":0.2044100611,"{\"position\": [15, 19]}":1.1342068372,"{\"position\": [15, 18]}":0.2100606795,"{\"position\": [16, 19]}":-0.0007299102},"3":{"{\"position\": [14, 19]}":12.8510142858,"{\"position\": [13, 19]}":0.0408719726,"{\"position\": [14, 18]}":-0.0004723112,"{\"position\": [13, 18]}":-0.0077511261,"{\"position\": [15, 19]}":52.0013335406,"{\"position\": [15, 18]}":0.4504616851,"{\"position\": [16, 19]}":16.3342405024},"4":{"{\"position\": [14, 19]}":64.2179589195,"{\"position\": [13, 19]}":0.0407125091,"{\"position\": [14, 18]}":-0.0004485992,"{\"position\": [13, 18]}":0.1118415841,"{\"position\": [15, 19]}":1.1387102887,"{\"position\": [15, 18]}":0.2749601892,"{\"position\": [16, 19]}":-0.0007226104}}