{"0":{"{\"position\": [35, 24]}":0.3013544753,"{\"position\": [35, 23]}":0.0145306246,"{\"position\": [36, 24]}":1.1232622681,"{\"position\": [36, 23]}":-0.0319988441,"{\"position\": [37, 23]}":-0.00005,"{\"position\": [37, 24]}":-0.0001651875},"1":{"{\"position\": [35, 24]}":0.1068664992,"{\"position\": [35, 23]}":0.3539039894,"{\"position\": [36, 24]}":3.4774233538,"{\"position\": [36, 23]}":-0.0004596399,"{\"position\": [37, 23]}":0.0583043913,"{\"position\": [37, 24]}":-0.0199124991},"2":{"{\"position\": [35, 24]}":0.1038981161,"{\"position\": [35, 23]}":0.0386958593,"{\"position\": [36, 24]}":1.0981726631,"{\"position\": [36, 23]}":-0.0212745974,"{\"position\": [37, 23]}":-0.00005,"{\"position\": [37, 24]}":-0.0001854938},"3":{"{\"position\": [35, 24]}":0.104656082,"{\"position\": [35, 23]}":0.0385596688,"{\"position\": [36, 24]}":4.1125522327,"{\"position\": [36, 23]}":-0.0186389197,"{\"position\": [37, 23]}":-0.00005,"{\"position\": [37, 24]}":-0.000142625},"4":{"{\"position\": [35, 24]}":0.106252496,"{\"position\": [35, 23]}":0.185629897,"{\"position\": [36, 24]}":4.0964389145,"{\"position\": [36, 23]}":-0.0004596399,"{\"position\": [37, 23]}":-0.00005,"{\"position\": [37, 24]}":49.9998645062}}