{"0":{"{\"position\": [32, 19]}":0.0307331126,"{\"position\": [31, 19]}":0.0028374093,"{\"position\": [31, 18]}":-0.0009715475,"{\"position\": [32, 18]}":0.0389490495,"{\"position\": [30, 19]}":-0.0008906201,"{\"position\": [30, 18]}":-0.0003863361},"1":{"{\"position\": [32, 19]}":0.0283908101,"{\"position\": [31, 19]}":0.0028911893,"{\"position\": [31, 18]}":-0.0009714162,"{\"position\": [32, 18]}":0.0378010349,"{\"position\": [30, 19]}":-0.0008927164,"{\"position\": [30, 18]}":-0.0004012631},"2":{"{\"position\": [32, 19]}":0.0290399899,"{\"position\": [31, 19]}":0.1928407969,"{\"position\": [31, 18]}":0.0864058056,"{\"position\": [32, 18]}":0.0394909386,"{\"position\": [30, 19]}":4.0987722527,"{\"position\": [30, 18]}":0.119885434},"3":{"{\"position\": [32, 19]}":0.0277686294,"{\"position\": [31, 19]}":-0.0318086895,"{\"position\": [31, 18]}":0.0582326668,"{\"position\": [32, 18]}":0.0377704069,"{\"position\": [30, 19]}":-0.0008898169,"{\"position\": [30, 18]}":-0.0003697506},"4":{"{\"position\": [32, 19]}":0.0277266822,"{\"position\": [31, 19]}":0.0029346605,"{\"position\": [31, 18]}":0.0665511669,"{\"position\": [32, 18]}":0.0386414601,"{\"position\": [30, 19]}":-0.0008898169,"{\"position\": [30, 18]}":0.0749474425}}