{"0":{"{\"position\": [14, 43]}":11.6658874301,"{\"position\": [13, 43]}":0.6091664988,"{\"position\": [13, 42]}":-0.0459809297,"{\"position\": [14, 42]}":-0.0009865997,"{\"position\": [15, 43]}":0.0583702413,"{\"position\": [16, 43]}":-0.0098839907,"{\"position\": [16, 42]}":-0.0065089306,"{\"position\": [15, 42]}":-0.0059854259,"{\"position\": [12, 43]}":-0.009279273,"{\"position\": [12, 42]}":-0.0208492223},"1":{"{\"position\": [14, 43]}":24.9064090805,"{\"position\": [13, 43]}":0.6263565286,"{\"position\": [13, 42]}":-0.0008870699,"{\"position\": [14, 42]}":26.4845590737,"{\"position\": [15, 43]}":0.0581357291,"{\"position\": [16, 43]}":-0.0019666712,"{\"position\": [16, 42]}":0.0186258649,"{\"position\": [15, 42]}":0.7632307339,"{\"position\": [12, 43]}":-0.002881632,"{\"position\": [12, 42]}":0.0196121588},"2":{"{\"position\": [14, 43]}":1.2656989406,"{\"position\": [13, 43]}":3.4680385212,"{\"position\": [13, 42]}":0.1120775152,"{\"position\": [14, 42]}":-0.0009862617,"{\"position\": [15, 43]}":0.0602511159,"{\"position\": [16, 43]}":-0.0752892767,"{\"position\": [16, 42]}":-0.0360497652,"{\"position\": [15, 42]}":-0.081066299,"{\"position\": [12, 43]}":15.339891013,"{\"position\": [12, 42]}":-0.0000975},"3":{"{\"position\": [14, 43]}":16.6000811689,"{\"position\": [13, 43]}":0.6133193156,"{\"position\": [13, 42]}":-0.0008840178,"{\"position\": [14, 42]}":-0.0009863893,"{\"position\": [15, 43]}":30.1107985674,"{\"position\": [16, 43]}":5.3522052271,"{\"position\": [16, 42]}":-0.0009962686,"{\"position\": [15, 42]}":-0.0009901116,"{\"position\": [12, 43]}":-0.0192063876,"{\"position\": [12, 42]}":-0.0000975},"4":{"{\"position\": [14, 43]}":77.7356899099,"{\"position\": [13, 43]}":0.6103685208,"{\"position\": [13, 42]}":-0.0008840178,"{\"position\": [14, 42]}":-0.0009865442,"{\"position\": [15, 43]}":0.0582799651,"{\"position\": [16, 43]}":-0.0006027857,"{\"position\": [16, 42]}":-0.0009962686,"{\"position\": [15, 42]}":-0.0009901116,"{\"position\": [12, 43]}":-0.0009147424,"{\"position\": [12, 42]}":-0.0000975}}