{"0":{"{\"position\": [16, 8]}":567.9415199926,"{\"position\": [16, 7]}":247.1946095022,"{\"position\": [17, 8]}":0.0,"{\"position\": [15, 7]}":7.2885120947,"{\"position\": [17, 7]}":-0.0000975},"1":{"{\"position\": [16, 8]}":0.6557620958,"{\"position\": [16, 7]}":181.8230893024,"{\"position\": [17, 8]}":0.0,"{\"position\": [15, 7]}":7.4508694136,"{\"position\": [17, 7]}":415.7310926272},"2":{"{\"position\": [16, 8]}":0.6583142013,"{\"position\": [16, 7]}":212.4264435273,"{\"position\": [17, 8]}":0.0,"{\"position\": [15, 7]}":186.1316653626,"{\"position\": [17, 7]}":-0.00005},"3":{"{\"position\": [16, 8]}":125.566400447,"{\"position\": [16, 7]}":222.4685533064,"{\"position\": [17, 8]}":426.4197362863,"{\"position\": [15, 7]}":-0.000512325,"{\"position\": [17, 7]}":-0.00005},"4":{"{\"position\": [16, 8]}":0.6361059447,"{\"position\": [16, 7]}":695.8070443263,"{\"position\": [17, 8]}":0.0,"{\"position\": [15, 7]}":7.1945549849,"{\"position\": [17, 7]}":-0.00005}}