{"0":{"{\"position\": [21, 35]}":12.3563436112,"{\"position\": [22, 35]}":14.7217287062,"{\"position\": [22, 34]}":-0.0556850155,"{\"position\": [23, 34]}":-0.0004937679,"{\"position\": [20, 35]}":-0.0003814806,"{\"position\": [23, 35]}":-0.000512325,"{\"position\": [21, 34]}":-0.0269521421,"{\"position\": [24, 35]}":0.9064578526,"{\"position\": [25, 35]}":-0.0007800101},"1":{"{\"position\": [21, 35]}":22.6941680043,"{\"position\": [22, 35]}":24.8860367052,"{\"position\": [22, 34]}":13.9712658804,"{\"position\": [23, 34]}":-0.0005035348,"{\"position\": [20, 35]}":-0.000376078,"{\"position\": [23, 35]}":2.6196570013,"{\"position\": [21, 34]}":-0.0009682733,"{\"position\": [24, 35]}":20.6562331395,"{\"position\": [25, 35]}":0.8607287407},"2":{"{\"position\": [21, 35]}":34.1393489603,"{\"position\": [22, 35]}":42.9244178867,"{\"position\": [22, 34]}":-0.0496455541,"{\"position\": [23, 34]}":-0.000512325,"{\"position\": [20, 35]}":8.1835533905,"{\"position\": [23, 35]}":53.3200059206,"{\"position\": [21, 34]}":4.585633079,"{\"position\": [24, 35]}":15.3060740005,"{\"position\": [25, 35]}":-0.0007828265},"3":{"{\"position\": [21, 35]}":9.3528670542,"{\"position\": [22, 35]}":15.7421472126,"{\"position\": [22, 34]}":-0.001303598,"{\"position\": [23, 34]}":0.0490928098,"{\"position\": [20, 35]}":-0.0625129657,"{\"position\": [23, 35]}":-0.0004866579,"{\"position\": [21, 34]}":-0.0680262658,"{\"position\": [24, 35]}":12.6190248145,"{\"position\": [25, 35]}":12.4988048953},"4":{"{\"position\": [21, 35]}":28.2070237643,"{\"position\": [22, 35]}":23.4511185958,"{\"position\": [22, 34]}":-0.0002649081,"{\"position\": [23, 34]}":-0.0004866579,"{\"position\": [20, 35]}":-0.0003753194,"{\"position\": [23, 35]}":8.8679902305,"{\"position\": [21, 34]}":-0.0009694364,"{\"position\": [24, 35]}":75.3090355677,"{\"position\": [25, 35]}":-0.0007753419}}