{"0":{"{\"position\": [24, 8]}":562.6484344096,"{\"position\": [24, 7]}":220.2560700458,"{\"position\": [25, 8]}":-0.0009297371,"{\"position\": [23, 7]}":-0.0003016627,"{\"position\": [23, 8]}":-0.0009709645},"1":{"{\"position\": [24, 8]}":236.8314998792,"{\"position\": [24, 7]}":0.0,"{\"position\": [25, 8]}":0.0593498721,"{\"position\": [23, 7]}":-0.0123716559,"{\"position\": [23, 8]}":-0.0090890437},"2":{"{\"position\": [24, 8]}":69.203719953,"{\"position\": [24, 7]}":0.0,"{\"position\": [25, 8]}":-0.000928453,"{\"position\": [23, 7]}":151.09219686,"{\"position\": [23, 8]}":207.6043932315},"3":{"{\"position\": [24, 8]}":-0.0005367088,"{\"position\": [24, 7]}":173.5701673705,"{\"position\": [25, 8]}":405.7969613837,"{\"position\": [23, 7]}":-0.0003016627,"{\"position\": [23, 8]}":-0.065961049},"4":{"{\"position\": [24, 8]}":279.1487822198,"{\"position\": [24, 7]}":691.2213676377,"{\"position\": [25, 8]}":165.5912585552,"{\"position\": [23, 7]}":-0.0003016627,"{\"position\": [23, 8]}":-0.0009709645}}