{"0":{"{\"position\": [14, 35]}":40.2283730014,"{\"position\": [13, 35]}":38.3591562595,"{\"position\": [14, 34]}":-0.0024051967,"{\"position\": [15, 35]}":-0.000142625,"{\"position\": [13, 34]}":-0.0331053844,"{\"position\": [12, 35]}":6.5389596807,"{\"position\": [12, 34]}":-0.0160134779},"1":{"{\"position\": [14, 35]}":8.0574738483,"{\"position\": [13, 35]}":47.3844099023,"{\"position\": [14, 34]}":7.6851478665,"{\"position\": [15, 35]}":4.0010413858,"{\"position\": [13, 34]}":23.3402988107,"{\"position\": [12, 35]}":8.3615190478,"{\"position\": [12, 34]}":28.4205337304},"2":{"{\"position\": [14, 35]}":52.1332400673,"{\"position\": [13, 35]}":32.1300594314,"{\"position\": [14, 34]}":-0.0106241069,"{\"position\": [15, 35]}":-0.0000975,"{\"position\": [13, 34]}":-0.0009000035,"{\"position\": [12, 35]}":16.6960665865,"{\"position\": [12, 34]}":-0.0003697506},"3":{"{\"position\": [14, 35]}":85.6211332133,"{\"position\": [13, 35]}":41.8882224961,"{\"position\": [14, 34]}":-0.0009937679,"{\"position\": [15, 35]}":69.5747625537,"{\"position\": [13, 34]}":-0.0329264836,"{\"position\": [12, 35]}":6.5284490065,"{\"position\": [12, 34]}":0.0042901574},"4":{"{\"position\": [14, 35]}":8.6822811393,"{\"position\": [13, 35]}":95.9893583095,"{\"position\": [14, 34]}":-0.0009937679,"{\"position\": [15, 35]}":13.2099846182,"{\"position\": [13, 34]}":-0.0009012258,"{\"position\": [12, 35]}":16.8914052653,"{\"position\": [12, 34]}":0.0042901574}}