{"0":{"{\"position\": [22, 43]}":0.357438667,"{\"position\": [23, 43]}":0.575734135,"{\"position\": [22, 42]}":-0.0737490547,"{\"position\": [24, 43]}":-0.0003697506,"{\"position\": [23, 42]}":-0.0702493484},"1":{"{\"position\": [22, 43]}":0.3556835644,"{\"position\": [23, 43]}":0.5974050927,"{\"position\": [22, 42]}":1.2550315097,"{\"position\": [24, 43]}":2.8908696938,"{\"position\": [23, 42]}":17.7563682675},"2":{"{\"position\": [22, 43]}":0.3628023177,"{\"position\": [23, 43]}":0.5905640651,"{\"position\": [22, 42]}":-0.0002649081,"{\"position\": [24, 43]}":-0.0003697506,"{\"position\": [23, 42]}":-0.0337561159},"3":{"{\"position\": [22, 43]}":0.3641602266,"{\"position\": [23, 43]}":4.9818338688,"{\"position\": [22, 42]}":-0.0002649081,"{\"position\": [24, 43]}":8.5854820437,"{\"position\": [23, 42]}":-0.0008501097},"4":{"{\"position\": [22, 43]}":50.3473773808,"{\"position\": [23, 43]}":0.5993429573,"{\"position\": [22, 42]}":-0.0002649081,"{\"position\": [24, 43]}":8.8511177216,"{\"position\": [23, 42]}":-0.0008501097}}