{"0":{"{\"position\": [18, 27]}":-0.0022889872,"{\"position\": [19, 27]}":-0.0003136293,"{\"position\": [18, 26]}":0.1125995272,"{\"position\": [19, 26]}":0.1513576806,"{\"position\": [20, 27]}":0.0024300408,"{\"position\": [19, 28]}":-0.0002842526,"{\"position\": [17, 26]}":-0.0003016627,"{\"position\": [17, 27]}":0.1118441106,"{\"position\": [20, 26]}":-0.0262272747},"1":{"{\"position\": [18, 27]}":-0.0759952701,"{\"position\": [19, 27]}":-0.0003053705,"{\"position\": [18, 26]}":0.112839114,"{\"position\": [19, 26]}":0.2266696971,"{\"position\": [20, 27]}":0.002461539,"{\"position\": [19, 28]}":-0.0003016627,"{\"position\": [17, 26]}":0.1296093559,"{\"position\": [17, 27]}":0.2126170514,"{\"position\": [20, 26]}":-0.0003697506},"2":{"{\"position\": [18, 27]}":-0.0048426397,"{\"position\": [19, 27]}":-0.0737976316,"{\"position\": [18, 26]}":0.1523967724,"{\"position\": [19, 26]}":0.032735915,"{\"position\": [20, 27]}":-0.0878890464,"{\"position\": [19, 28]}":-0.0333667711,"{\"position\": [17, 26]}":-0.0002649081,"{\"position\": [17, 27]}":0.2168193885,"{\"position\": [20, 26]}":0.0544720664},"3":{"{\"position\": [18, 27]}":-0.0059576077,"{\"position\": [19, 27]}":0.1491102121,"{\"position\": [18, 26]}":0.1130666517,"{\"position\": [19, 26]}":-0.0009659701,"{\"position\": [20, 27]}":0.1850437775,"{\"position\": [19, 28]}":-0.0002649081,"{\"position\": [17, 26]}":-0.0002649081,"{\"position\": [17, 27]}":0.2198450791,"{\"position\": [20, 26]}":11.2384157953},"4":{"{\"position\": [18, 27]}":49.9990545929,"{\"position\": [19, 27]}":0.0708259519,"{\"position\": [18, 26]}":0.1108557568,"{\"position\": [19, 26]}":0.0285901578,"{\"position\": [20, 27]}":0.0024418674,"{\"position\": [19, 28]}":49.99972996,"{\"position\": [17, 26]}":-0.0002649081,"{\"position\": [17, 27]}":50.2119692669,"{\"position\": [20, 26]}":-0.0003697506}}