{"0":{"{\"position\": [31, 43]}":3.8435748982,"{\"position\": [30, 43]}":1.0928239379,"{\"position\": [32, 43]}":-0.0006240942,"{\"position\": [31, 42]}":2.6652338812,"{\"position\": [30, 42]}":0.0545199927,"{\"position\": [30, 41]}":-0.0734789133,"{\"position\": [31, 41]}":-0.0005743432,"{\"position\": [29, 42]}":-0.00005},"1":{"{\"position\": [31, 43]}":3.7491029473,"{\"position\": [30, 43]}":0.176628687,"{\"position\": [32, 43]}":-0.0006253972,"{\"position\": [31, 42]}":6.6602929354,"{\"position\": [30, 42]}":0.0540760675,"{\"position\": [30, 41]}":1.2444300895,"{\"position\": [31, 41]}":-0.0005659693,"{\"position\": [29, 42]}":-0.00005},"2":{"{\"position\": [31, 43]}":3.9071408326,"{\"position\": [30, 43]}":0.6755352283,"{\"position\": [32, 43]}":-0.0006415141,"{\"position\": [31, 42]}":0.0468691644,"{\"position\": [30, 42]}":0.6192866287,"{\"position\": [30, 41]}":-0.0037583416,"{\"position\": [31, 41]}":-0.0005818797,"{\"position\": [29, 42]}":0.0689829112},"3":{"{\"position\": [31, 43]}":3.7961358632,"{\"position\": [30, 43]}":0.1715652333,"{\"position\": [32, 43]}":8.2305284447,"{\"position\": [31, 42]}":2.6643837971,"{\"position\": [30, 42]}":0.0397618329,"{\"position\": [30, 41]}":-0.0074017148,"{\"position\": [31, 41]}":0.0064490067,"{\"position\": [29, 42]}":0.0},"4":{"{\"position\": [31, 43]}":53.7591357192,"{\"position\": [30, 43]}":0.1771389513,"{\"position\": [32, 43]}":-0.0006226464,"{\"position\": [31, 42]}":0.0460885104,"{\"position\": [30, 42]}":0.052638001,"{\"position\": [30, 41]}":-0.0004596399,"{\"position\": [31, 41]}":-0.0005598733,"{\"position\": [29, 42]}":0.0}}