{"0":{"{\"position\": [26, 35]}":9.5273318136,"{\"position\": [27, 35]}":0.9213416928,"{\"position\": [26, 34]}":-0.0037809425,"{\"position\": [25, 34]}":-0.0060643605,"{\"position\": [25, 35]}":-0.001005875,"{\"position\": [27, 34]}":-0.0130597721},"1":{"{\"position\": [26, 35]}":4.1662760813,"{\"position\": [27, 35]}":13.0933375576,"{\"position\": [26, 34]}":24.2838669114,"{\"position\": [25, 34]}":0.0042929038,"{\"position\": [25, 35]}":-0.0024865845,"{\"position\": [27, 34]}":-0.0009993477},"2":{"{\"position\": [26, 35]}":9.2222461329,"{\"position\": [27, 35]}":7.6621521863,"{\"position\": [26, 34]}":-0.0021082747,"{\"position\": [25, 34]}":-0.0009775329,"{\"position\": [25, 35]}":5.6850290099,"{\"position\": [27, 34]}":-0.0053831094},"3":{"{\"position\": [26, 35]}":4.2280798836,"{\"position\": [27, 35]}":12.8193529381,"{\"position\": [26, 34]}":-0.0303852532,"{\"position\": [25, 34]}":-0.0146527609,"{\"position\": [25, 35]}":-0.0366566918,"{\"position\": [27, 34]}":0.10680649},"4":{"{\"position\": [26, 35]}":9.6028258876,"{\"position\": [27, 35]}":64.113783188,"{\"position\": [26, 34]}":-0.0009789896,"{\"position\": [25, 34]}":0.0017185823,"{\"position\": [25, 35]}":-0.0009837704,"{\"position\": [27, 34]}":-0.0009993477}}