{"0":{"{\"position\": [35, 13]}":-0.0006663896,"{\"position\": [36, 13]}":36.2526645995,"{\"position\": [36, 12]}":0.07957214,"{\"position\": [37, 12]}":-0.0001651875},"1":{"{\"position\": [35, 13]}":-0.0006594384,"{\"position\": [36, 13]}":-0.0691648438,"{\"position\": [36, 12]}":0.0827794117,"{\"position\": [37, 12]}":-0.0001854938},"2":{"{\"position\": [35, 13]}":11.3943218803,"{\"position\": [36, 13]}":-0.0068679634,"{\"position\": [36, 12]}":23.7953900963,"{\"position\": [37, 12]}":-0.0001854938},"3":{"{\"position\": [35, 13]}":-0.0378470112,"{\"position\": [36, 13]}":-0.0045480673,"{\"position\": [36, 12]}":3.2486818673,"{\"position\": [37, 12]}":49.9998645062},"4":{"{\"position\": [35, 13]}":0.0703199306,"{\"position\": [36, 13]}":-0.001,"{\"position\": [36, 12]}":-19.19264391,"{\"position\": [37, 12]}":-25.0001354937}}