{"0":{"{\"position\": [25, 19]}":0.0355238031,"{\"position\": [26, 19]}":0.1466651104,"{\"position\": [26, 18]}":-0.0646514193,"{\"position\": [25, 18]}":0.0003164401,"{\"position\": [27, 19]}":1.4330639623,"{\"position\": [27, 18]}":0.1046299869,"{\"position\": [28, 19]}":-0.0112996927,"{\"position\": [28, 18]}":-0.0230631779,"{\"position\": [24, 19]}":0.073843204,"{\"position\": [24, 18]}":-0.0091515377,"{\"position\": [26, 17]}":-0.073078426,"{\"position\": [25, 17]}":-0.0009717286},"1":{"{\"position\": [25, 19]}":-24.3063120152,"{\"position\": [26, 19]}":0.1380781753,"{\"position\": [26, 18]}":0.2095474199,"{\"position\": [25, 18]}":0.0038455925,"{\"position\": [27, 19]}":0.0471554849,"{\"position\": [27, 18]}":0.086567026,"{\"position\": [28, 19]}":-0.0007496559,"{\"position\": [28, 18]}":-0.0000975,"{\"position\": [24, 19]}":0.002044681,"{\"position\": [24, 18]}":0.0147626569,"{\"position\": [26, 17]}":0.1648013119,"{\"position\": [25, 17]}":-0.0009724163},"2":{"{\"position\": [25, 19]}":0.007959841,"{\"position\": [26, 19]}":0.0029533781,"{\"position\": [26, 18]}":-0.0050793033,"{\"position\": [25, 18]}":0.0788410416,"{\"position\": [27, 19]}":0.0474387757,"{\"position\": [27, 18]}":0.0828906082,"{\"position\": [28, 19]}":-0.0007434146,"{\"position\": [28, 18]}":-0.00005,"{\"position\": [24, 19]}":0.0021080284,"{\"position\": [24, 18]}":0.0141073819,"{\"position\": [26, 17]}":-0.0014471275,"{\"position\": [25, 17]}":0.0487497948},"3":{"{\"position\": [25, 19]}":-0.0580677014,"{\"position\": [26, 19]}":0.0029474227,"{\"position\": [26, 18]}":-0.0027021624,"{\"position\": [25, 18]}":-0.0031616721,"{\"position\": [27, 19]}":0.0467562575,"{\"position\": [27, 18]}":2.8732394101,"{\"position\": [28, 19]}":-0.0007466995,"{\"position\": [28, 18]}":-0.00005,"{\"position\": [24, 19]}":0.0597937264,"{\"position\": [24, 18]}":-0.0169934179,"{\"position\": [26, 17]}":-0.0074403332,"{\"position\": [25, 17]}":-0.0184376289},"4":{"{\"position\": [25, 19]}":0.0380810299,"{\"position\": [26, 19]}":50.1395989446,"{\"position\": [26, 18]}":-0.0002226399,"{\"position\": [25, 18]}":0.0038145913,"{\"position\": [27, 19]}":0.0768139565,"{\"position\": [27, 18]}":-0.0009005597,"{\"position\": [28, 19]}":-0.0007482555,"{\"position\": [28, 18]}":-0.00005,"{\"position\": [24, 19]}":0.0020304013,"{\"position\": [24, 18]}":-0.0009790919,"{\"position\": [26, 17]}":-0.0008029128,"{\"position\": [25, 17]}":-0.0009724163}}