{"0":{"{\"position\": [31, 10]}":0.0890751466,"{\"position\": [31, 11]}":0.0489301448,"{\"position\": [30, 11]}":0.2611834015,"{\"position\": [30, 10]}":253.3721059405},"1":{"{\"position\": [31, 10]}":756.9250775002,"{\"position\": [31, 11]}":378.9809672391,"{\"position\": [30, 11]}":0.2490851155,"{\"position\": [30, 10]}":-0.0009989829},"2":{"{\"position\": [31, 10]}":304.9312076947,"{\"position\": [31, 11]}":0.0492596634,"{\"position\": [30, 11]}":0.2471449496,"{\"position\": [30, 10]}":629.8366871485},"3":{"{\"position\": [31, 10]}":308.032057187,"{\"position\": [31, 11]}":0.0481097294,"{\"position\": [30, 11]}":0.2567939016,"{\"position\": [30, 10]}":222.0872540936},"4":{"{\"position\": [31, 10]}":0.1396202705,"{\"position\": [31, 11]}":895.3313040136,"{\"position\": [30, 11]}":0.2528061262,"{\"position\": [30, 10]}":-0.0009989528}}