{"0":{"{\"position\": [8, 37]}":-0.0000387832,"{\"position\": [7, 37]}":0.5000508019,"{\"position\": [9, 37]}":-0.0009126877,"{\"position\": [8, 36]}":-0.0559800257,"{\"position\": [9, 36]}":-0.0293484638,"{\"position\": [10, 37]}":8.5490369644,"{\"position\": [10, 36]}":0.019008674,"{\"position\": [7, 36]}":0.1226403383,"{\"position\": [9, 35]}":-0.011805913,"{\"position\": [8, 35]}":0.1425690119,"{\"position\": [6, 37]}":-0.0009757608,"{\"position\": [7, 35]}":-0.0246589471,"{\"position\": [9, 38]}":-0.00005,"{\"position\": [10, 35]}":-0.0558187954},"1":{"{\"position\": [8, 37]}":1.3288257523,"{\"position\": [7, 37]}":-19.1370052823,"{\"position\": [9, 37]}":-0.0009145733,"{\"position\": [8, 36]}":0.420860387,"{\"position\": [9, 36]}":-0.0000887519,"{\"position\": [10, 37]}":0.0409596985,"{\"position\": [10, 36]}":0.0188563896,"{\"position\": [7, 36]}":0.0000275671,"{\"position\": [9, 35]}":-0.0006926431,"{\"position\": [8, 35]}":0.4075087994,"{\"position\": [6, 37]}":-0.013487305,"{\"position\": [7, 35]}":-0.0006594384,"{\"position\": [9, 38]}":-0.00005,"{\"position\": [10, 35]}":-0.0007434146},"2":{"{\"position\": [8, 37]}":-0.0000335558,"{\"position\": [7, 37]}":-4.1518747828,"{\"position\": [9, 37]}":-0.0192997714,"{\"position\": [8, 36]}":-0.0024784414,"{\"position\": [9, 36]}":-0.0001100982,"{\"position\": [10, 37]}":0.0109959842,"{\"position\": [10, 36]}":0.0184674561,"{\"position\": [7, 36]}":0.5469159762,"{\"position\": [9, 35]}":0.0731169138,"{\"position\": [8, 35]}":0.1410831832,"{\"position\": [6, 37]}":7.4866534028,"{\"position\": [7, 35]}":1.0641866972,"{\"position\": [9, 38]}":-0.00005,"{\"position\": [10, 35]}":-0.0255561983},"3":{"{\"position\": [8, 37]}":-0.0031991533,"{\"position\": [7, 37]}":-76.5953985961,"{\"position\": [9, 37]}":0.1454759134,"{\"position\": [8, 36]}":-0.001287303,"{\"position\": [9, 36]}":0.1239109531,"{\"position\": [10, 37]}":0.0108261772,"{\"position\": [10, 36]}":18.5941382784,"{\"position\": [7, 36]}":-0.0102610723,"{\"position\": [9, 35]}":0.4835650326,"{\"position\": [8, 35]}":0.1391350973,"{\"position\": [6, 37]}":-0.0739908647,"{\"position\": [7, 35]}":-0.0006594384,"{\"position\": [9, 38]}":-0.00005,"{\"position\": [10, 35]}":0.1144637148},"4":{"{\"position\": [8, 37]}":52.8271865873,"{\"position\": [7, 37]}":-307.6584573737,"{\"position\": [9, 37]}":-0.0009341551,"{\"position\": [8, 36]}":-0.001,"{\"position\": [9, 36]}":-0.0000757853,"{\"position\": [10, 37]}":0.04178192,"{\"position\": [10, 36]}":0.0182838513,"{\"position\": [7, 36]}":0.1128241417,"{\"position\": [9, 35]}":-0.0006764665,"{\"position\": [8, 35]}":0.009570514,"{\"position\": [6, 37]}":-0.0009751057,"{\"position\": [7, 35]}":0.5040276665,"{\"position\": [9, 38]}":50.0,"{\"position\": [10, 35]}":-0.0007364799}}