{"0":{"{\"position\": [26, 35]}":9.8874695177,"{\"position\": [27, 35]}":9.9175681671,"{\"position\": [26, 34]}":-0.0037809425,"{\"position\": [25, 34]}":-0.0060643605,"{\"position\": [25, 35]}":-0.001005875,"{\"position\": [27, 34]}":-0.0130597721,"{\"position\": [28, 35]}":-0.0002176453},"1":{"{\"position\": [26, 35]}":9.6881389008,"{\"position\": [27, 35]}":9.8607922923,"{\"position\": [26, 34]}":24.2308131376,"{\"position\": [25, 34]}":0.0042929038,"{\"position\": [25, 35]}":-0.0024865845,"{\"position\": [27, 34]}":-0.0009993477,"{\"position\": [28, 35]}":-0.0002465817},"2":{"{\"position\": [26, 35]}":36.3067128361,"{\"position\": [27, 35]}":4.8128172351,"{\"position\": [26, 34]}":-0.0021082747,"{\"position\": [25, 34]}":-0.0009775329,"{\"position\": [25, 35]}":5.6850290099,"{\"position\": [27, 34]}":-0.0053831094,"{\"position\": [28, 35]}":-0.0002262191},"3":{"{\"position\": [26, 35]}":10.0651077927,"{\"position\": [27, 35]}":9.9093587039,"{\"position\": [26, 34]}":-0.0303852532,"{\"position\": [25, 34]}":-0.0146527609,"{\"position\": [25, 35]}":-0.0366566918,"{\"position\": [27, 34]}":0.10680649,"{\"position\": [28, 35]}":-0.0002262191},"4":{"{\"position\": [26, 35]}":24.8953095937,"{\"position\": [27, 35]}":9.6091811403,"{\"position\": [26, 34]}":-0.0009789896,"{\"position\": [25, 34]}":0.0017185823,"{\"position\": [25, 35]}":-0.0009837704,"{\"position\": [27, 34]}":-0.0009993477,"{\"position\": [28, 35]}":49.9998237809}}