{"0":{"{\"position\": [14, 26]}":0.0004926366,"{\"position\": [15, 26]}":0.0448595035,"{\"position\": [14, 27]}":3.860009961,"{\"position\": [15, 27]}":1.4120274242,"{\"position\": [14, 25]}":-0.0742305222,"{\"position\": [15, 25]}":-0.0003016627,"{\"position\": [13, 27]}":0.0110093103,"{\"position\": [13, 26]}":-0.0228931287,"{\"position\": [15, 28]}":0.3048531475},"1":{"{\"position\": [14, 26]}":0.3562478185,"{\"position\": [15, 26]}":0.0455494876,"{\"position\": [14, 27]}":0.538152147,"{\"position\": [15, 27]}":0.0412799185,"{\"position\": [14, 25]}":0.204696839,"{\"position\": [15, 25]}":-0.0002842526,"{\"position\": [13, 27]}":0.0108793099,"{\"position\": [13, 26]}":0.3205707257,"{\"position\": [15, 28]}":-0.0000975},"2":{"{\"position\": [14, 26]}":0.6960885373,"{\"position\": [15, 26]}":0.0468892013,"{\"position\": [14, 27]}":0.5227693987,"{\"position\": [15, 27]}":0.037935023,"{\"position\": [14, 25]}":-0.0037769098,"{\"position\": [15, 25]}":-0.025884454,"{\"position\": [13, 27]}":25.6769442705,"{\"position\": [13, 26]}":0.0355402769,"{\"position\": [15, 28]}":-0.0000975},"3":{"{\"position\": [14, 26]}":0.000520631,"{\"position\": [15, 26]}":0.0461781854,"{\"position\": [14, 27]}":0.5346385707,"{\"position\": [15, 27]}":0.0414163799,"{\"position\": [14, 25]}":-0.0014033444,"{\"position\": [15, 25]}":0.0989882847,"{\"position\": [13, 27]}":0.0108547157,"{\"position\": [13, 26]}":0.020025749,"{\"position\": [15, 28]}":-0.0000975},"4":{"{\"position\": [14, 26]}":0.0004691886,"{\"position\": [15, 26]}":0.0472562744,"{\"position\": [14, 27]}":0.5414164392,"{\"position\": [15, 27]}":0.0413678175,"{\"position\": [14, 25]}":-0.0006764665,"{\"position\": [15, 25]}":-0.0002934158,"{\"position\": [13, 27]}":0.0107496531,"{\"position\": [13, 26]}":0.0394085899,"{\"position\": [15, 28]}":-0.0000975}}