{"0":{"{\"position\": [18, 35]}":15.9924412572,"{\"position\": [19, 35]}":2.3856408602,"{\"position\": [18, 34]}":-0.0282954045,"{\"position\": [19, 34]}":-0.0686631628,"{\"position\": [17, 35]}":-0.0004012631,"{\"position\": [20, 35]}":7.235815343,"{\"position\": [20, 34]}":-0.0105284367},"1":{"{\"position\": [18, 35]}":30.3794920068,"{\"position\": [19, 35]}":2.3699584173,"{\"position\": [18, 34]}":48.246652218,"{\"position\": [19, 34]}":0.0109987824,"{\"position\": [17, 35]}":-0.0004012631,"{\"position\": [20, 35]}":-0.0158473399,"{\"position\": [20, 34]}":0.0130529727},"2":{"{\"position\": [18, 35]}":31.278921818,"{\"position\": [19, 35]}":2.3657980113,"{\"position\": [18, 34]}":-0.0022473779,"{\"position\": [19, 34]}":-0.0373208166,"{\"position\": [17, 35]}":14.6705358835,"{\"position\": [20, 35]}":-0.0726879876,"{\"position\": [20, 34]}":-0.0002262191},"3":{"{\"position\": [18, 35]}":29.9763985407,"{\"position\": [19, 35]}":64.0843360036,"{\"position\": [18, 34]}":-0.0254546377,"{\"position\": [19, 34]}":24.663946479,"{\"position\": [17, 35]}":-0.0003697506,"{\"position\": [20, 35]}":7.102594864,"{\"position\": [20, 34]}":-0.0002262191},"4":{"{\"position\": [18, 35]}":79.9792073338,"{\"position\": [19, 35]}":2.4096454447,"{\"position\": [18, 34]}":-0.0009462665,"{\"position\": [19, 34]}":-0.0009452269,"{\"position\": [17, 35]}":-0.0003697506,"{\"position\": [20, 35]}":-0.0008062885,"{\"position\": [20, 34]}":-0.0002262191}}