{"0":{"{\"position\": [14, 10]}":-0.0009190053,"{\"position\": [14, 11]}":3.8689141964,"{\"position\": [13, 11]}":-0.0006226464,"{\"position\": [15, 10]}":-0.0255552024,"{\"position\": [15, 11]}":-0.000708011},"1":{"{\"position\": [14, 10]}":372.8779388383,"{\"position\": [14, 11]}":3.7954408181,"{\"position\": [13, 11]}":-0.0006226464,"{\"position\": [15, 10]}":-0.0009978776,"{\"position\": [15, 11]}":-0.0388175755},"2":{"{\"position\": [14, 10]}":89.4854895577,"{\"position\": [14, 11]}":3.9094646129,"{\"position\": [13, 11]}":34.4621128787,"{\"position\": [15, 10]}":-0.0371782673,"{\"position\": [15, 11]}":-0.0607065431},"3":{"{\"position\": [14, 10]}":-0.0724010308,"{\"position\": [14, 11]}":4.0648832956,"{\"position\": [13, 11]}":-0.036307237,"{\"position\": [15, 10]}":254.3124680149,"{\"position\": [15, 11]}":78.5746435216},"4":{"{\"position\": [14, 10]}":-0.0009190053,"{\"position\": [14, 11]}":488.7467839584,"{\"position\": [13, 11]}":-0.0006226464,"{\"position\": [15, 10]}":-0.0009979004,"{\"position\": [15, 11]}":-0.0006926431}}