{"0":{"{\"position\": [30, 8]}":81.2934357543,"{\"position\": [30, 7]}":7.9945129444,"{\"position\": [31, 7]}":0.0533817102,"{\"position\": [31, 8]}":60.3815036638,"{\"position\": [29, 7]}":-0.0004311999},"1":{"{\"position\": [30, 8]}":0.0145527575,"{\"position\": [30, 7]}":7.9927608069,"{\"position\": [31, 7]}":0.0556970051,"{\"position\": [31, 8]}":-0.0006132387,"{\"position\": [29, 7]}":-0.0004170193},"2":{"{\"position\": [30, 8]}":-0.0009943091,"{\"position\": [30, 7]}":8.0237867676,"{\"position\": [31, 7]}":0.0538769085,"{\"position\": [31, 8]}":0.0134387484,"{\"position\": [29, 7]}":-0.0004012631},"3":{"{\"position\": [30, 8]}":-0.0009943755,"{\"position\": [30, 7]}":8.0454074724,"{\"position\": [31, 7]}":0.0560600373,"{\"position\": [31, 8]}":-0.0006027857,"{\"position\": [29, 7]}":-0.0752562272},"4":{"{\"position\": [30, 8]}":-0.0009946423,"{\"position\": [30, 7]}":149.5811571414,"{\"position\": [31, 7]}":50.0519446923,"{\"position\": [31, 8]}":44.3824204461,"{\"position\": [29, 7]}":49.9996188001}}