{"0":{"{\"position\": [18, 10]}":111.2359435804,"{\"position\": [18, 11]}":367.1849996832,"{\"position\": [19, 10]}":-0.0001854938},"1":{"{\"position\": [18, 10]}":461.7138439664,"{\"position\": [18, 11]}":440.631024764,"{\"position\": [19, 10]}":-0.0001854938},"2":{"{\"position\": [18, 10]}":-0.0002069281,"{\"position\": [18, 11]}":-0.0007364799,"{\"position\": [19, 10]}":-0.0001854938},"3":{"{\"position\": [18, 10]}":-0.0001854938,"{\"position\": [18, 11]}":-0.0007364799,"{\"position\": [19, 10]}":468.658697929},"4":{"{\"position\": [18, 10]}":-0.0001854938,"{\"position\": [18, 11]}":544.625274927,"{\"position\": [19, 10]}":147.6609972468}}