{"0":{"{\"position\": [8, 37]}":0.2924171464,"{\"position\": [7, 37]}":3.9186355716,"{\"position\": [9, 37]}":-0.0009386643,"{\"position\": [8, 36]}":-0.0009999968,"{\"position\": [9, 36]}":0.0148889636,"{\"position\": [10, 37]}":3.5920054775,"{\"position\": [10, 36]}":0.019008674,"{\"position\": [7, 36]}":0.0000097444,"{\"position\": [9, 35]}":-0.011805913,"{\"position\": [8, 35]}":0.1425690119,"{\"position\": [6, 37]}":-0.0009757608,"{\"position\": [7, 35]}":-0.0246589471,"{\"position\": [9, 38]}":-0.00005,"{\"position\": [10, 35]}":-0.0558187954},"1":{"{\"position\": [8, 37]}":0.3698663178,"{\"position\": [7, 37]}":-19.1370052823,"{\"position\": [9, 37]}":-0.0009394775,"{\"position\": [8, 36]}":-0.0009999969,"{\"position\": [9, 36]}":0.1236618986,"{\"position\": [10, 37]}":0.0409596985,"{\"position\": [10, 36]}":0.0188563896,"{\"position\": [7, 36]}":0.0000275671,"{\"position\": [9, 35]}":-0.0006926431,"{\"position\": [8, 35]}":0.4075087994,"{\"position\": [6, 37]}":-0.013487305,"{\"position\": [7, 35]}":-0.0006594384,"{\"position\": [9, 38]}":-0.00005,"{\"position\": [10, 35]}":-0.0007434146},"2":{"{\"position\": [8, 37]}":10.7226135352,"{\"position\": [7, 37]}":-76.6833862154,"{\"position\": [9, 37]}":-0.0009400232,"{\"position\": [8, 36]}":0.3877616398,"{\"position\": [9, 36]}":0.0151981179,"{\"position\": [10, 37]}":0.0109959842,"{\"position\": [10, 36]}":0.0184674561,"{\"position\": [7, 36]}":9.3124478274,"{\"position\": [9, 35]}":0.0731169138,"{\"position\": [8, 35]}":0.1410831832,"{\"position\": [6, 37]}":7.4866534028,"{\"position\": [7, 35]}":1.0641866972,"{\"position\": [9, 38]}":-0.00005,"{\"position\": [10, 35]}":-0.0255561983},"3":{"{\"position\": [8, 37]}":-0.0215238746,"{\"position\": [7, 37]}":-156.5410856059,"{\"position\": [9, 37]}":-0.0009384861,"{\"position\": [8, 36]}":-0.0011526644,"{\"position\": [9, 36]}":0.0147910989,"{\"position\": [10, 37]}":0.0108261772,"{\"position\": [10, 36]}":15.2377466778,"{\"position\": [7, 36]}":-0.0102610723,"{\"position\": [9, 35]}":0.4835650326,"{\"position\": [8, 35]}":0.1391350973,"{\"position\": [6, 37]}":-0.0739908647,"{\"position\": [7, 35]}":-0.0006594384,"{\"position\": [9, 38]}":-0.00005,"{\"position\": [10, 35]}":0.1144637148},"4":{"{\"position\": [8, 37]}":0.376798876,"{\"position\": [7, 37]}":-307.6584573737,"{\"position\": [9, 37]}":49.9991091115,"{\"position\": [8, 36]}":-0.0009999968,"{\"position\": [9, 36]}":0.123607773,"{\"position\": [10, 37]}":0.04178192,"{\"position\": [10, 36]}":0.0182838513,"{\"position\": [7, 36]}":0.1891070976,"{\"position\": [9, 35]}":-0.0006764665,"{\"position\": [8, 35]}":0.009570514,"{\"position\": [6, 37]}":-0.0009751057,"{\"position\": [7, 35]}":0.5040276665,"{\"position\": [9, 38]}":50.0,"{\"position\": [10, 35]}":-0.0007364799}}