{"0":{"{\"position\": [30, 8]}":96.3664988287,"{\"position\": [30, 7]}":50.157401037,"{\"position\": [31, 7]}":0.0822077166,"{\"position\": [31, 8]}":95.0681401249,"{\"position\": [29, 7]}":-0.0004311999},"1":{"{\"position\": [30, 8]}":0.0145527575,"{\"position\": [30, 7]}":49.0108699518,"{\"position\": [31, 7]}":21.5682553914,"{\"position\": [31, 8]}":-0.0006132387,"{\"position\": [29, 7]}":-0.0004170193},"2":{"{\"position\": [30, 8]}":-0.0009943091,"{\"position\": [30, 7]}":27.8451063633,"{\"position\": [31, 7]}":0.0819018192,"{\"position\": [31, 8]}":0.0134387484,"{\"position\": [29, 7]}":-0.0004012631},"3":{"{\"position\": [30, 8]}":-0.0009943755,"{\"position\": [30, 7]}":30.533322207,"{\"position\": [31, 7]}":133.6660253589,"{\"position\": [31, 8]}":-0.0006027857,"{\"position\": [29, 7]}":-0.0752562272},"4":{"{\"position\": [30, 8]}":-0.0009946423,"{\"position\": [30, 7]}":59.982456416,"{\"position\": [31, 7]}":-0.000923055,"{\"position\": [31, 8]}":44.3824204461,"{\"position\": [29, 7]}":49.9996188001}}