{"0":{"{\"position\": [26, 43]}":12.6315424563,"{\"position\": [27, 43]}":-0.0000975,"{\"position\": [25, 43]}":1.5645072499,"{\"position\": [26, 42]}":-0.0550300257,"{\"position\": [27, 42]}":-0.0007434146},"1":{"{\"position\": [26, 43]}":18.371860437,"{\"position\": [27, 43]}":-0.0000975,"{\"position\": [25, 43]}":0.7231767067,"{\"position\": [26, 42]}":11.395403277,"{\"position\": [27, 42]}":-0.0007434146},"2":{"{\"position\": [26, 43]}":14.3299241727,"{\"position\": [27, 43]}":15.7093603913,"{\"position\": [25, 43]}":24.9781721048,"{\"position\": [26, 42]}":-0.0030146939,"{\"position\": [27, 42]}":-0.0007496559},"3":{"{\"position\": [26, 43]}":18.3936222443,"{\"position\": [27, 43]}":57.2284366808,"{\"position\": [25, 43]}":0.80675664,"{\"position\": [26, 42]}":-0.0508167636,"{\"position\": [27, 42]}":0.039464544},"4":{"{\"position\": [26, 43]}":68.2638331199,"{\"position\": [27, 43]}":4.8252991852,"{\"position\": [25, 43]}":16.6701180758,"{\"position\": [26, 42]}":-0.0005598733,"{\"position\": [27, 42]}":-0.0007496559}}