{"0":{"{\"position\": [4, 9]}":174.1504082455,"{\"position\": [4, 10]}":262.9885525163,"{\"position\": [4, 8]}":0.0511570593,"{\"position\": [5, 9]}":87.8687803053,"{\"position\": [6, 9]}":2.1537247358,"{\"position\": [3, 9]}":-22.5522811201,"{\"position\": [5, 8]}":0.0,"{\"position\": [6, 8]}":0.0,"{\"position\": [5, 10]}":163.34615895,"{\"position\": [6, 7]}":0.0,"{\"position\": [5, 7]}":0.0,"{\"position\": [4, 7]}":0.000001464,"{\"position\": [3, 7]}":0.0,"{\"position\": [2, 7]}":0.0,"{\"position\": [3, 8]}":-21.086039463,"{\"position\": [3, 10]}":275.7612313493,"{\"position\": [2, 9]}":13.9586349346,"{\"position\": [2, 8]}":0.0},"1":{"{\"position\": [4, 9]}":252.1192888832,"{\"position\": [4, 10]}":369.6289849021,"{\"position\": [4, 8]}":455.0876680497,"{\"position\": [5, 9]}":6.7129384422,"{\"position\": [6, 9]}":5.2951152453,"{\"position\": [3, 9]}":753.8343697165,"{\"position\": [5, 8]}":0.0,"{\"position\": [6, 8]}":0.0,"{\"position\": [5, 10]}":75.59744312,"{\"position\": [6, 7]}":0.0,"{\"position\": [5, 7]}":0.0,"{\"position\": [4, 7]}":0.2454989676,"{\"position\": [3, 7]}":0.0,"{\"position\": [2, 7]}":0.0,"{\"position\": [3, 8]}":91.2280843052,"{\"position\": [3, 10]}":-25.0,"{\"position\": [2, 9]}":0.0,"{\"position\": [2, 8]}":0.0},"2":{"{\"position\": [4, 9]}":273.1337116766,"{\"position\": [4, 10]}":332.6434020086,"{\"position\": [4, 8]}":129.6858429856,"{\"position\": [5, 9]}":6.902476648,"{\"position\": [6, 9]}":5.3002136667,"{\"position\": [3, 9]}":-24.3817194782,"{\"position\": [5, 8]}":0.0,"{\"position\": [6, 8]}":0.0,"{\"position\": [5, 10]}":0.0,"{\"position\": [6, 7]}":0.0,"{\"position\": [5, 7]}":0.0,"{\"position\": [4, 7]}":0.0000007547,"{\"position\": [3, 7]}":0.0144065552,"{\"position\": [2, 7]}":0.0,"{\"position\": [3, 8]}":0.000026684,"{\"position\": [3, 10]}":316.0184197761,"{\"position\": [2, 9]}":0.0,"{\"position\": [2, 8]}":29.4722660465},"3":{"{\"position\": [4, 9]}":612.5750504775,"{\"position\": [4, 10]}":320.3784834867,"{\"position\": [4, 8]}":0.0514489599,"{\"position\": [5, 9]}":190.8159819897,"{\"position\": [6, 9]}":7.0534518383,"{\"position\": [3, 9]}":447.4489485576,"{\"position\": [5, 8]}":0.0,"{\"position\": [6, 8]}":0.0000047619,"{\"position\": [5, 10]}":83.4734830132,"{\"position\": [6, 7]}":0.0,"{\"position\": [5, 7]}":0.0000007115,"{\"position\": [4, 7]}":0.0000014578,"{\"position\": [3, 7]}":0.0,"{\"position\": [2, 7]}":-25.0,"{\"position\": [3, 8]}":0.0000268559,"{\"position\": [3, 10]}":276.3914377832,"{\"position\": [2, 9]}":0.0,"{\"position\": [2, 8]}":0.0},"4":{"{\"position\": [4, 9]}":214.2951871335,"{\"position\": [4, 10]}":332.6660864119,"{\"position\": [4, 8]}":0.0495782086,"{\"position\": [5, 9]}":142.3690788057,"{\"position\": [6, 9]}":7.4711379286,"{\"position\": [3, 9]}":85.2308736925,"{\"position\": [5, 8]}":0.0,"{\"position\": [6, 8]}":0.0,"{\"position\": [5, 10]}":103.0333127094,"{\"position\": [6, 7]}":0.0,"{\"position\": [5, 7]}":0.0,"{\"position\": [4, 7]}":0.0000014336,"{\"position\": [3, 7]}":0.0,"{\"position\": [2, 7]}":0.0,"{\"position\": [3, 8]}":-24.9999665518,"{\"position\": [3, 10]}":904.6573123542,"{\"position\": [2, 9]}":0.0,"{\"position\": [2, 8]}":0.0}}