{"0":{"{\"position\": [26, 43]}":0.6603684108,"{\"position\": [27, 43]}":0.1410391825,"{\"position\": [25, 43]}":0.874947489,"{\"position\": [26, 42]}":0.2633623597,"{\"position\": [27, 42]}":-0.0007434146,"{\"position\": [25, 42]}":-0.0089529313},"1":{"{\"position\": [26, 43]}":0.054785822,"{\"position\": [27, 43]}":0.126824072,"{\"position\": [25, 43]}":0.0787251399,"{\"position\": [26, 42]}":1.3772078849,"{\"position\": [27, 42]}":0.0164268853,"{\"position\": [25, 42]}":2.8077814787},"2":{"{\"position\": [26, 43]}":1.2033414572,"{\"position\": [27, 43]}":0.1372384971,"{\"position\": [25, 43]}":1.300303862,"{\"position\": [26, 42]}":-0.0030146939,"{\"position\": [27, 42]}":1.3619838208,"{\"position\": [25, 42]}":-0.0008251754},"3":{"{\"position\": [26, 43]}":1.1918950126,"{\"position\": [27, 43]}":0.1387674822,"{\"position\": [25, 43]}":0.079589399,"{\"position\": [26, 42]}":0.2842271806,"{\"position\": [27, 42]}":1.4807984833,"{\"position\": [25, 42]}":-0.0008251754},"4":{"{\"position\": [26, 43]}":1.1927040718,"{\"position\": [27, 43]}":97.6281373662,"{\"position\": [25, 43]}":1.2942989793,"{\"position\": [26, 42]}":-0.0005598733,"{\"position\": [27, 42]}":-0.0007496559,"{\"position\": [25, 42]}":-0.0008251754}}