{"0":{"{\"position\": [19, 43]}":20.5326980249,"{\"position\": [19, 42]}":-0.0388724112,"{\"position\": [18, 42]}":0.2185423761,"{\"position\": [18, 43]}":0.0036,"{\"position\": [17, 43]}":3.2444085979,"{\"position\": [17, 42]}":-0.010239037,"{\"position\": [20, 43]}":-0.0152629015,"{\"position\": [20, 42]}":-0.0160468619},"1":{"{\"position\": [19, 43]}":30.971631566,"{\"position\": [19, 42]}":-0.0006509479,"{\"position\": [18, 42]}":2.0144718453,"{\"position\": [18, 43]}":0.0036225303,"{\"position\": [17, 43]}":0.016742402,"{\"position\": [17, 42]}":-0.0008422208,"{\"position\": [20, 43]}":0.0,"{\"position\": [20, 42]}":-0.0009657345},"2":{"{\"position\": [19, 43]}":1.4077792502,"{\"position\": [19, 42]}":-0.0006594384,"{\"position\": [18, 42]}":0.2106186222,"{\"position\": [18, 43]}":43.5057201722,"{\"position\": [17, 43]}":1.3421236271,"{\"position\": [17, 42]}":3.7228579634,"{\"position\": [20, 43]}":0.0,"{\"position\": [20, 42]}":-0.0009645175},"3":{"{\"position\": [19, 43]}":1.3559247041,"{\"position\": [19, 42]}":1.9441052895,"{\"position\": [18, 42]}":1.3996387326,"{\"position\": [18, 43]}":0.0037089597,"{\"position\": [17, 43]}":2.138833835,"{\"position\": [17, 42]}":-0.0008403575,"{\"position\": [20, 43]}":0.0,"{\"position\": [20, 42]}":0.6086387496},"4":{"{\"position\": [19, 43]}":102.5498621552,"{\"position\": [19, 42]}":-0.0006594384,"{\"position\": [18, 42]}":0.2127575058,"{\"position\": [18, 43]}":0.0035868032,"{\"position\": [17, 43]}":2.0544882251,"{\"position\": [17, 42]}":-0.0008382872,"{\"position\": [20, 43]}":0.0,"{\"position\": [20, 42]}":-0.0009643521}}