{"0":{"{\"position\": [26, 10]}":-0.0007960932,"{\"position\": [26, 11]}":-0.00005,"{\"position\": [27, 10]}":-0.0008682839,"{\"position\": [25, 11]}":-0.00005},"1":{"{\"position\": [26, 10]}":525.2106664251,"{\"position\": [26, 11]}":-0.000075,"{\"position\": [27, 10]}":-0.0008714878,"{\"position\": [25, 11]}":12.7977330363},"2":{"{\"position\": [26, 10]}":-0.0007853612,"{\"position\": [26, 11]}":73.756234611,"{\"position\": [27, 10]}":-0.0008714878,"{\"position\": [25, 11]}":0.0},"3":{"{\"position\": [26, 10]}":-0.0007853612,"{\"position\": [26, 11]}":61.5653119266,"{\"position\": [27, 10]}":350.6674012753,"{\"position\": [25, 11]}":0.0},"4":{"{\"position\": [26, 10]}":202.1927507328,"{\"position\": [26, 11]}":650.7532417277,"{\"position\": [27, 10]}":118.8291779135,"{\"position\": [25, 11]}":77.0175947432}}