{"0":{"{\"position\": [14, 19]}":0.1371981394,"{\"position\": [13, 19]}":0.1027451636,"{\"position\": [14, 18]}":0.0004368851,"{\"position\": [13, 18]}":-0.0002071179,"{\"position\": [15, 19]}":0.9698138254,"{\"position\": [15, 18]}":0.2071134471,"{\"position\": [16, 19]}":-0.0007364799},"1":{"{\"position\": [14, 19]}":0.1416423882,"{\"position\": [13, 19]}":0.0629792327,"{\"position\": [14, 18]}":0.3452055037,"{\"position\": [13, 18]}":-0.0002231982,"{\"position\": [15, 19]}":0.2049334856,"{\"position\": [15, 18]}":0.3161683313,"{\"position\": [16, 19]}":-0.0007364799},"2":{"{\"position\": [14, 19]}":0.1444305074,"{\"position\": [13, 19]}":0.0631247871,"{\"position\": [14, 18]}":-0.0212725337,"{\"position\": [13, 18]}":1.0832882869,"{\"position\": [15, 19]}":0.2079074715,"{\"position\": [15, 18]}":0.2100606795,"{\"position\": [16, 19]}":-0.0007299102},"3":{"{\"position\": [14, 19]}":0.1390309353,"{\"position\": [13, 19]}":0.0655523814,"{\"position\": [14, 18]}":0.0004668204,"{\"position\": [13, 18]}":-0.0675119859,"{\"position\": [15, 19]}":0.2014796832,"{\"position\": [15, 18]}":1.1547929949,"{\"position\": [16, 19]}":16.3342405024},"4":{"{\"position\": [14, 19]}":0.1377922857,"{\"position\": [13, 19]}":0.0631896028,"{\"position\": [14, 18]}":0.000415431,"{\"position\": [13, 18]}":-0.0002367416,"{\"position\": [15, 19]}":0.9659750385,"{\"position\": [15, 18]}":0.2749601892,"{\"position\": [16, 19]}":-0.0007226104}}