{"0":{"{\"position\": [18, 35]}":2.0887727079,"{\"position\": [19, 35]}":0.8852915035,"{\"position\": [18, 34]}":-0.0282954045,"{\"position\": [19, 34]}":-0.0686631628,"{\"position\": [17, 35]}":-0.0004012631,"{\"position\": [20, 35]}":-0.0034779812,"{\"position\": [20, 34]}":-0.0105284367},"1":{"{\"position\": [18, 35]}":42.7881088461,"{\"position\": [19, 35]}":12.8262272007,"{\"position\": [18, 34]}":48.246652218,"{\"position\": [19, 34]}":0.0109987824,"{\"position\": [17, 35]}":-0.0004012631,"{\"position\": [20, 35]}":-0.0158473399,"{\"position\": [20, 34]}":0.0130529727},"2":{"{\"position\": [18, 35]}":22.1558907865,"{\"position\": [19, 35]}":11.0839628683,"{\"position\": [18, 34]}":-0.0022473779,"{\"position\": [19, 34]}":-0.0373208166,"{\"position\": [17, 35]}":14.6705358835,"{\"position\": [20, 35]}":-0.0726879876,"{\"position\": [20, 34]}":-0.0002262191},"3":{"{\"position\": [18, 35]}":21.7005544135,"{\"position\": [19, 35]}":43.8857961099,"{\"position\": [18, 34]}":-0.0254546377,"{\"position\": [19, 34]}":24.663946479,"{\"position\": [17, 35]}":-0.0003697506,"{\"position\": [20, 35]}":23.9617810643,"{\"position\": [20, 34]}":-0.0002262191},"4":{"{\"position\": [18, 35]}":117.5517308433,"{\"position\": [19, 35]}":17.3869782699,"{\"position\": [18, 34]}":-0.0009462665,"{\"position\": [19, 34]}":-0.0009452269,"{\"position\": [17, 35]}":-0.0003697506,"{\"position\": [20, 35]}":-0.0008062885,"{\"position\": [20, 34]}":-0.0002262191}}