{"0":{"{\"position\": [14, 26]}":0.0055870297,"{\"position\": [15, 26]}":0.0396585705,"{\"position\": [14, 27]}":1.7828659493,"{\"position\": [15, 27]}":0.1303363938,"{\"position\": [14, 25]}":-0.0742305222,"{\"position\": [15, 25]}":-0.0003016627,"{\"position\": [13, 27]}":0.0110093103,"{\"position\": [13, 26]}":-0.0228931287,"{\"position\": [15, 28]}":0.3048531475},"1":{"{\"position\": [14, 26]}":1.5418153115,"{\"position\": [15, 26]}":0.0403503166,"{\"position\": [14, 27]}":1.6634949836,"{\"position\": [15, 27]}":0.0412799185,"{\"position\": [14, 25]}":0.204696839,"{\"position\": [15, 25]}":-0.0002842526,"{\"position\": [13, 27]}":0.0108793099,"{\"position\": [13, 26]}":0.3205707257,"{\"position\": [15, 28]}":-0.0000975},"2":{"{\"position\": [14, 26]}":0.0054780904,"{\"position\": [15, 26]}":0.0407965618,"{\"position\": [14, 27]}":1.8392858032,"{\"position\": [15, 27]}":0.037935023,"{\"position\": [14, 25]}":-0.0037769098,"{\"position\": [15, 25]}":-0.025884454,"{\"position\": [13, 27]}":10.6132155545,"{\"position\": [13, 26]}":0.0355402769,"{\"position\": [15, 28]}":-0.0000975},"3":{"{\"position\": [14, 26]}":0.0056316805,"{\"position\": [15, 26]}":0.1430825471,"{\"position\": [14, 27]}":1.8503667436,"{\"position\": [15, 27]}":0.0414163799,"{\"position\": [14, 25]}":-0.0014033444,"{\"position\": [15, 25]}":0.0989882847,"{\"position\": [13, 27]}":0.0108547157,"{\"position\": [13, 26]}":0.020025749,"{\"position\": [15, 28]}":-0.0000975},"4":{"{\"position\": [14, 26]}":0.0054918451,"{\"position\": [15, 26]}":0.032771661,"{\"position\": [14, 27]}":51.7640363451,"{\"position\": [15, 27]}":0.0413678175,"{\"position\": [14, 25]}":-0.0006764665,"{\"position\": [15, 25]}":-0.0002934158,"{\"position\": [13, 27]}":0.0107496531,"{\"position\": [13, 26]}":0.0394085899,"{\"position\": [15, 28]}":-0.0000975}}