{"0":{"{\"position\": [23, 10]}":-0.0305904373,"{\"position\": [22, 10]}":320.6356860816,"{\"position\": [22, 11]}":-0.0003697506,"{\"position\": [23, 11]}":-0.0087281534},"1":{"{\"position\": [23, 10]}":0.006499846,"{\"position\": [22, 10]}":773.2771753619,"{\"position\": [22, 11]}":-0.0003697506,"{\"position\": [23, 11]}":-0.0148417601},"2":{"{\"position\": [23, 10]}":-0.0260471525,"{\"position\": [22, 10]}":0.0001520274,"{\"position\": [22, 11]}":-0.0121685547,"{\"position\": [23, 11]}":-0.0725637833},"3":{"{\"position\": [23, 10]}":591.017903757,"{\"position\": [22, 10]}":337.4472923581,"{\"position\": [22, 11]}":-0.0680239643,"{\"position\": [23, 11]}":0.0556522296},"4":{"{\"position\": [23, 10]}":0.007302199,"{\"position\": [22, 10]}":473.3376910677,"{\"position\": [22, 11]}":914.7423809698,"{\"position\": [23, 11]}":-0.0009901116}}