{"0":{"{\"position\": [16, 8]}":325.7391127561,"{\"position\": [16, 7]}":247.1946095022,"{\"position\": [17, 8]}":0.0,"{\"position\": [15, 7]}":7.2885120947,"{\"position\": [17, 7]}":-0.0000975},"1":{"{\"position\": [16, 8]}":149.9118230319,"{\"position\": [16, 7]}":339.9690800719,"{\"position\": [17, 8]}":0.0,"{\"position\": [15, 7]}":7.4508694136,"{\"position\": [17, 7]}":415.7310926272},"2":{"{\"position\": [16, 8]}":0.6583142013,"{\"position\": [16, 7]}":278.330061131,"{\"position\": [17, 8]}":0.0,"{\"position\": [15, 7]}":186.1316653626,"{\"position\": [17, 7]}":-0.00005},"3":{"{\"position\": [16, 8]}":207.4803793776,"{\"position\": [16, 7]}":222.4685533064,"{\"position\": [17, 8]}":331.8863901762,"{\"position\": [15, 7]}":-0.000512325,"{\"position\": [17, 7]}":-0.00005},"4":{"{\"position\": [16, 8]}":0.6361059447,"{\"position\": [16, 7]}":466.6530697268,"{\"position\": [17, 8]}":0.0,"{\"position\": [15, 7]}":7.1945549849,"{\"position\": [17, 7]}":-0.00005}}