{"0":{"{\"position\": [31, 43]}":6.6772699267,"{\"position\": [30, 43]}":0.6839126323,"{\"position\": [32, 43]}":-0.0006240942,"{\"position\": [31, 42]}":2.6652338812,"{\"position\": [30, 42]}":0.0545199927,"{\"position\": [30, 41]}":-0.0734789133,"{\"position\": [31, 41]}":-0.0005743432,"{\"position\": [29, 42]}":-0.00005},"1":{"{\"position\": [31, 43]}":6.5668787397,"{\"position\": [30, 43]}":0.176628687,"{\"position\": [32, 43]}":-0.0006253972,"{\"position\": [31, 42]}":24.4511620694,"{\"position\": [30, 42]}":0.0540760675,"{\"position\": [30, 41]}":1.2444300895,"{\"position\": [31, 41]}":-0.0005659693,"{\"position\": [29, 42]}":-0.00005},"2":{"{\"position\": [31, 43]}":6.9061085317,"{\"position\": [30, 43]}":52.6611095874,"{\"position\": [32, 43]}":-0.0006415141,"{\"position\": [31, 42]}":0.0468691644,"{\"position\": [30, 42]}":6.9837716296,"{\"position\": [30, 41]}":-0.0037583416,"{\"position\": [31, 41]}":-0.0005818797,"{\"position\": [29, 42]}":0.0689829112},"3":{"{\"position\": [31, 43]}":6.7694757088,"{\"position\": [30, 43]}":0.1715652333,"{\"position\": [32, 43]}":8.2305284447,"{\"position\": [31, 42]}":2.6643837971,"{\"position\": [30, 42]}":0.0397618329,"{\"position\": [30, 41]}":-0.0074017148,"{\"position\": [31, 41]}":0.0064490067,"{\"position\": [29, 42]}":0.0},"4":{"{\"position\": [31, 43]}":56.4555544886,"{\"position\": [30, 43]}":0.1771389513,"{\"position\": [32, 43]}":-0.0006226464,"{\"position\": [31, 42]}":0.0460885104,"{\"position\": [30, 42]}":0.052638001,"{\"position\": [30, 41]}":-0.0004596399,"{\"position\": [31, 41]}":-0.0005598733,"{\"position\": [29, 42]}":0.0}}