{"0":{"{\"position\": [30, 35]}":8.0148445955,"{\"position\": [29, 35]}":8.9904885088,"{\"position\": [31, 35]}":14.8505838804,"{\"position\": [30, 34]}":-0.0393296307,"{\"position\": [29, 34]}":-0.0009524953,"{\"position\": [31, 34]}":-0.0331053844,"{\"position\": [32, 35]}":-0.0005598733},"1":{"{\"position\": [30, 35]}":7.8457776065,"{\"position\": [29, 35]}":7.2479821077,"{\"position\": [31, 35]}":8.5354728755,"{\"position\": [30, 34]}":28.0906006715,"{\"position\": [29, 34]}":-0.0009521771,"{\"position\": [31, 34]}":-0.0008748697,"{\"position\": [32, 35]}":-0.0005714556},"2":{"{\"position\": [30, 35]}":7.957444619,"{\"position\": [29, 35]}":14.6273653699,"{\"position\": [31, 35]}":2.5695067781,"{\"position\": [30, 34]}":0.0336903859,"{\"position\": [29, 34]}":8.7457293319,"{\"position\": [31, 34]}":-0.0008779135,"{\"position\": [32, 35]}":-0.0369584041},"3":{"{\"position\": [30, 35]}":8.1482345393,"{\"position\": [29, 35]}":7.5098583194,"{\"position\": [31, 35]}":-0.0006926431,"{\"position\": [30, 34]}":13.9912345799,"{\"position\": [29, 34]}":-0.0009515055,"{\"position\": [31, 34]}":19.5473292147,"{\"position\": [32, 35]}":-0.0005598733},"4":{"{\"position\": [30, 35]}":57.882336737,"{\"position\": [29, 35]}":9.135443497,"{\"position\": [31, 35]}":4.6253291009,"{\"position\": [30, 34]}":0.0329792132,"{\"position\": [29, 34]}":-0.0009515055,"{\"position\": [31, 34]}":-0.0008714878,"{\"position\": [32, 35]}":97.4995156203}}