{"0":{"{\"position\": [20, 19]}":3.1888185801,"{\"position\": [20, 18]}":-0.0609371367,"{\"position\": [19, 18]}":-0.0040938653,"{\"position\": [19, 19]}":3.9804561099,"{\"position\": [21, 19]}":-0.0062057999,"{\"position\": [21, 18]}":-0.0421968476,"{\"position\": [18, 19]}":-0.0103037802,"{\"position\": [18, 18]}":-0.0208492223,"{\"position\": [20, 17]}":-0.0009989293},"1":{"{\"position\": [20, 19]}":3.5942565441,"{\"position\": [20, 18]}":0.3070624354,"{\"position\": [19, 18]}":0.046737183,"{\"position\": [19, 19]}":0.2400300736,"{\"position\": [21, 19]}":-0.0052582759,"{\"position\": [21, 18]}":1.0326009666,"{\"position\": [18, 19]}":-0.0029649813,"{\"position\": [18, 18]}":0.0192652662,"{\"position\": [20, 17]}":-0.0009988974},"2":{"{\"position\": [20, 19]}":3.7098602687,"{\"position\": [20, 18]}":-0.0007906531,"{\"position\": [19, 18]}":2.630523541,"{\"position\": [19, 19]}":6.6371414103,"{\"position\": [21, 19]}":1.2515989121,"{\"position\": [21, 18]}":-0.0007333679,"{\"position\": [18, 19]}":21.1034516775,"{\"position\": [18, 18]}":-0.0007684317,"{\"position\": [20, 17]}":-0.0021558697},"3":{"{\"position\": [20, 19]}":3.664255562,"{\"position\": [20, 18]}":-0.0303135737,"{\"position\": [19, 18]}":0.0468442889,"{\"position\": [19, 19]}":0.2444964894,"{\"position\": [21, 19]}":1.3900633067,"{\"position\": [21, 18]}":-0.0007364799,"{\"position\": [18, 19]}":-0.0056394797,"{\"position\": [18, 18]}":-0.0007621731,"{\"position\": [20, 17]}":-0.0009988819},"4":{"{\"position\": [20, 19]}":53.4898630482,"{\"position\": [20, 18]}":-0.0007985079,"{\"position\": [19, 18]}":0.0461558799,"{\"position\": [19, 19]}":6.6403312256,"{\"position\": [21, 19]}":0.6565623,"{\"position\": [21, 18]}":-0.0007364799,"{\"position\": [18, 19]}":2.4729735914,"{\"position\": [18, 18]}":-0.0007670274,"{\"position\": [20, 17]}":-0.0009988741}}