{"0":{"{\"position\": [21, 35]}":12.3563436112,"{\"position\": [22, 35]}":9.2779910766,"{\"position\": [22, 34]}":-0.0556850155,"{\"position\": [23, 34]}":-0.0004937679,"{\"position\": [20, 35]}":-0.0003814806,"{\"position\": [23, 35]}":11.0826254837,"{\"position\": [21, 34]}":-0.0269521421,"{\"position\": [24, 35]}":2.9634990186,"{\"position\": [25, 35]}":-0.0007800101,"{\"position\": [24, 34]}":-0.0073114413},"1":{"{\"position\": [21, 35]}":22.6941680043,"{\"position\": [22, 35]}":8.9148251261,"{\"position\": [22, 34]}":28.7451401622,"{\"position\": [23, 34]}":-0.0005035348,"{\"position\": [20, 35]}":-0.000376078,"{\"position\": [23, 35]}":13.2101555026,"{\"position\": [21, 34]}":-0.0009682733,"{\"position\": [24, 35]}":19.8899056702,"{\"position\": [25, 35]}":0.8607287407,"{\"position\": [24, 34]}":-0.0002649081},"2":{"{\"position\": [21, 35]}":27.6935170302,"{\"position\": [22, 35]}":9.202944412,"{\"position\": [22, 34]}":-0.0496455541,"{\"position\": [23, 34]}":-0.000512325,"{\"position\": [20, 35]}":8.1835533905,"{\"position\": [23, 35]}":31.5746569021,"{\"position\": [21, 34]}":4.585633079,"{\"position\": [24, 35]}":35.1805683038,"{\"position\": [25, 35]}":-0.0007828265,"{\"position\": [24, 34]}":-0.0002649081},"3":{"{\"position\": [21, 35]}":9.3528670542,"{\"position\": [22, 35]}":9.2789757612,"{\"position\": [22, 34]}":-0.001303598,"{\"position\": [23, 34]}":13.7952802566,"{\"position\": [20, 35]}":-0.0625129657,"{\"position\": [23, 35]}":13.335136193,"{\"position\": [21, 34]}":-0.0680262658,"{\"position\": [24, 35]}":3.0531686926,"{\"position\": [25, 35]}":8.0051521864,"{\"position\": [24, 34]}":3.0224338455},"4":{"{\"position\": [21, 35]}":26.7966225761,"{\"position\": [22, 35]}":59.0521202148,"{\"position\": [22, 34]}":-0.0002649081,"{\"position\": [23, 34]}":-0.0004866579,"{\"position\": [20, 35]}":-0.0003753194,"{\"position\": [23, 35]}":15.6313451183,"{\"position\": [21, 34]}":-0.0009694364,"{\"position\": [24, 35]}":88.8884905193,"{\"position\": [25, 35]}":-0.0007753419,"{\"position\": [24, 34]}":-0.0002649081}}