{"0":{"{\"position\": [26, 27]}":0.1384217106,"{\"position\": [27, 27]}":0.0051964714,"{\"position\": [26, 26]}":0.0005206501,"{\"position\": [25, 27]}":3.1473395663,"{\"position\": [25, 26]}":0.101436879,"{\"position\": [27, 26]}":0.0701205301,"{\"position\": [28, 27]}":0.0953751381,"{\"position\": [28, 26]}":-0.0004012631,"{\"position\": [27, 28]}":-0.0004012631,"{\"position\": [26, 25]}":-0.0375547447,"{\"position\": [27, 25]}":-0.0000975},"1":{"{\"position\": [26, 27]}":-0.0507039053,"{\"position\": [27, 27]}":-0.014635385,"{\"position\": [26, 26]}":0.0004951878,"{\"position\": [25, 27]}":0.0552883691,"{\"position\": [25, 26]}":-0.0007364799,"{\"position\": [27, 26]}":0.0670217485,"{\"position\": [28, 27]}":9.5074372635,"{\"position\": [28, 26]}":-0.0004012631,"{\"position\": [27, 28]}":-0.0004170193,"{\"position\": [26, 25]}":1.2532252243,"{\"position\": [27, 25]}":3.144974843},"2":{"{\"position\": [26, 27]}":-0.0009184504,"{\"position\": [27, 27]}":0.3630141168,"{\"position\": [26, 26]}":0.0004644034,"{\"position\": [25, 27]}":0.0558423791,"{\"position\": [25, 26]}":9.2728910271,"{\"position\": [27, 26]}":0.0246431008,"{\"position\": [28, 27]}":0.052126665,"{\"position\": [28, 26]}":-0.0004012631,"{\"position\": [27, 28]}":-0.0514179949,"{\"position\": [26, 25]}":-0.0112388583,"{\"position\": [27, 25]}":-0.00005},"3":{"{\"position\": [26, 27]}":-0.0046900845,"{\"position\": [27, 27]}":6.7534402534,"{\"position\": [26, 26]}":0.0005229497,"{\"position\": [25, 27]}":0.0544647056,"{\"position\": [25, 26]}":-0.0007226104,"{\"position\": [27, 26]}":4.7164886031,"{\"position\": [28, 27]}":19.934434933,"{\"position\": [28, 26]}":0.306511867,"{\"position\": [27, 28]}":-0.0004012631,"{\"position\": [26, 25]}":-0.0026931674,"{\"position\": [27, 25]}":-0.00005},"4":{"{\"position\": [26, 27]}":-0.0009220241,"{\"position\": [27, 27]}":0.0052334722,"{\"position\": [26, 26]}":0.0004722049,"{\"position\": [25, 27]}":0.0559286253,"{\"position\": [25, 26]}":-0.0007226104,"{\"position\": [27, 26]}":0.0428323975,"{\"position\": [28, 27]}":0.0507847811,"{\"position\": [28, 26]}":-0.0003697506,"{\"position\": [27, 28]}":49.9996487369,"{\"position\": [26, 25]}":-0.0003365796,"{\"position\": [27, 25]}":-0.00005}}