{"0":{"{\"position\": [8, 37]}":-0.002137127,"{\"position\": [7, 37]}":-0.0236157368,"{\"position\": [9, 37]}":0.0820552833,"{\"position\": [8, 36]}":-0.0009999717,"{\"position\": [9, 36]}":-0.0206567043,"{\"position\": [10, 37]}":0.0015875257,"{\"position\": [10, 36]}":0.4126300536,"{\"position\": [7, 36]}":-0.0640820526,"{\"position\": [9, 35]}":-0.011805913,"{\"position\": [8, 35]}":0.1425690119,"{\"position\": [6, 37]}":-0.0009757608,"{\"position\": [7, 35]}":-0.0246589471,"{\"position\": [9, 38]}":-0.00005,"{\"position\": [10, 35]}":-0.0558187954},"1":{"{\"position\": [8, 37]}":2.8902790229,"{\"position\": [7, 37]}":-19.1370052823,"{\"position\": [9, 37]}":0.0001046187,"{\"position\": [8, 36]}":0.1200060017,"{\"position\": [9, 36]}":0.0013543358,"{\"position\": [10, 37]}":0.0015881939,"{\"position\": [10, 36]}":0.0188563896,"{\"position\": [7, 36]}":0.0216157581,"{\"position\": [9, 35]}":-0.0006926431,"{\"position\": [8, 35]}":0.4426976474,"{\"position\": [6, 37]}":-0.013487305,"{\"position\": [7, 35]}":-0.0006594384,"{\"position\": [9, 38]}":-0.00005,"{\"position\": [10, 35]}":-0.0007434146},"2":{"{\"position\": [8, 37]}":-0.0074657733,"{\"position\": [7, 37]}":0.1028642976,"{\"position\": [9, 37]}":0.0000617627,"{\"position\": [8, 36]}":0.0470058429,"{\"position\": [9, 36]}":0.001307959,"{\"position\": [10, 37]}":-0.0672634307,"{\"position\": [10, 36]}":0.4259276412,"{\"position\": [7, 36]}":0.0192558104,"{\"position\": [9, 35]}":0.0731169138,"{\"position\": [8, 35]}":0.1410831832,"{\"position\": [6, 37]}":7.4866534028,"{\"position\": [7, 35]}":1.0641866972,"{\"position\": [9, 38]}":-0.00005,"{\"position\": [10, 35]}":-0.0255561983},"3":{"{\"position\": [8, 37]}":2.8911754854,"{\"position\": [7, 37]}":-0.0250497937,"{\"position\": [9, 37]}":0.0000783663,"{\"position\": [8, 36]}":-0.0017225606,"{\"position\": [9, 36]}":0.1719534349,"{\"position\": [10, 37]}":1.5634294389,"{\"position\": [10, 36]}":0.5483058037,"{\"position\": [7, 36]}":0.0185399669,"{\"position\": [9, 35]}":0.4495396874,"{\"position\": [8, 35]}":0.1391350973,"{\"position\": [6, 37]}":-0.0739908647,"{\"position\": [7, 35]}":-0.0006594384,"{\"position\": [9, 38]}":-0.00005,"{\"position\": [10, 35]}":0.3214884503},"4":{"{\"position\": [8, 37]}":52.8473478714,"{\"position\": [7, 37]}":-1.2037534145,"{\"position\": [9, 37]}":0.0000494736,"{\"position\": [8, 36]}":-0.0009999723,"{\"position\": [9, 36]}":0.0013892086,"{\"position\": [10, 37]}":0.0014748599,"{\"position\": [10, 36]}":0.417916805,"{\"position\": [7, 36]}":0.0189156525,"{\"position\": [9, 35]}":-0.0006764665,"{\"position\": [8, 35]}":0.009570514,"{\"position\": [6, 37]}":-0.0009751057,"{\"position\": [7, 35]}":0.5040276665,"{\"position\": [9, 38]}":50.0,"{\"position\": [10, 35]}":-0.0007364799}}