{"0":{"{\"position\": [25, 19]}":0.5959059197,"{\"position\": [26, 19]}":0.0071508097,"{\"position\": [26, 18]}":0.0321716514,"{\"position\": [25, 18]}":-0.0187261705,"{\"position\": [27, 19]}":0.1364103752,"{\"position\": [27, 18]}":0.1046299869,"{\"position\": [28, 19]}":-0.0112996927,"{\"position\": [28, 18]}":-0.0230631779,"{\"position\": [24, 19]}":-0.0119196429,"{\"position\": [24, 18]}":-0.0125310749,"{\"position\": [26, 17]}":-0.073078426,"{\"position\": [25, 17]}":-0.0009717286},"1":{"{\"position\": [25, 19]}":-24.3063120152,"{\"position\": [26, 19]}":0.0072005465,"{\"position\": [26, 18]}":0.0026892022,"{\"position\": [25, 18]}":3.2325612264,"{\"position\": [27, 19]}":0.0471554849,"{\"position\": [27, 18]}":0.086567026,"{\"position\": [28, 19]}":-0.0007496559,"{\"position\": [28, 18]}":-0.0000975,"{\"position\": [24, 19]}":-0.0008870699,"{\"position\": [24, 18]}":2.6422272799,"{\"position\": [26, 17]}":0.1648013119,"{\"position\": [25, 17]}":-0.0009724163},"2":{"{\"position\": [25, 19]}":0.5817062146,"{\"position\": [26, 19]}":0.0071848136,"{\"position\": [26, 18]}":-0.0132210097,"{\"position\": [25, 18]}":0.0011163739,"{\"position\": [27, 19]}":0.0474387757,"{\"position\": [27, 18]}":0.0828906082,"{\"position\": [28, 19]}":-0.0007434146,"{\"position\": [28, 18]}":-0.00005,"{\"position\": [24, 19]}":7.0038330426,"{\"position\": [24, 18]}":0.00837932,"{\"position\": [26, 17]}":-0.0014471275,"{\"position\": [25, 17]}":0.0487497948},"3":{"{\"position\": [25, 19]}":0.3745845343,"{\"position\": [26, 19]}":0.8248099159,"{\"position\": [26, 18]}":0.0484210491,"{\"position\": [25, 18]}":0.0011798866,"{\"position\": [27, 19]}":0.0467562575,"{\"position\": [27, 18]}":0.2043235104,"{\"position\": [28, 19]}":-0.0007466995,"{\"position\": [28, 18]}":-0.00005,"{\"position\": [24, 19]}":-0.0008840178,"{\"position\": [24, 18]}":-0.0705812595,"{\"position\": [26, 17]}":-0.0074403332,"{\"position\": [25, 17]}":-0.0184376289},"4":{"{\"position\": [25, 19]}":0.0671108692,"{\"position\": [26, 19]}":0.006928342,"{\"position\": [26, 18]}":0.0026700426,"{\"position\": [25, 18]}":0.0011471587,"{\"position\": [27, 19]}":0.0768139565,"{\"position\": [27, 18]}":-0.0009005597,"{\"position\": [28, 19]}":-0.0007482555,"{\"position\": [28, 18]}":-0.00005,"{\"position\": [24, 19]}":-0.0008885157,"{\"position\": [24, 18]}":-0.0009790919,"{\"position\": [26, 17]}":-0.0008029128,"{\"position\": [25, 17]}":-0.0009724163}}