{"0":{"{\"position\": [18, 27]}":-0.0006367606,"{\"position\": [19, 27]}":-0.0268676997,"{\"position\": [18, 26]}":2.0062820727,"{\"position\": [19, 26]}":-0.0069523385,"{\"position\": [20, 27]}":0.0024300408,"{\"position\": [19, 28]}":-0.0002842526,"{\"position\": [17, 26]}":0.266929179,"{\"position\": [17, 27]}":0.512886251,"{\"position\": [20, 26]}":-0.0262272747},"1":{"{\"position\": [18, 27]}":-0.0736605513,"{\"position\": [19, 27]}":-0.031271756,"{\"position\": [18, 26]}":2.1319950649,"{\"position\": [19, 26]}":0.1155328789,"{\"position\": [20, 27]}":0.002461539,"{\"position\": [19, 28]}":-0.0003016627,"{\"position\": [17, 26]}":0.5390901349,"{\"position\": [17, 27]}":0.49512081,"{\"position\": [20, 26]}":-0.0003697506},"2":{"{\"position\": [18, 27]}":0.2105284342,"{\"position\": [19, 27]}":-0.0613957287,"{\"position\": [18, 26]}":0.0351591674,"{\"position\": [19, 26]}":-0.0009667088,"{\"position\": [20, 27]}":-0.0878890464,"{\"position\": [19, 28]}":-0.0333667711,"{\"position\": [17, 26]}":-0.0002649081,"{\"position\": [17, 27]}":0.4993068689,"{\"position\": [20, 26]}":0.0544720664},"3":{"{\"position\": [18, 27]}":1.4289515441,"{\"position\": [19, 27]}":22.6819673837,"{\"position\": [18, 26]}":1.9848843747,"{\"position\": [19, 26]}":-0.0009659701,"{\"position\": [20, 27]}":0.2752573963,"{\"position\": [19, 28]}":-0.0002649081,"{\"position\": [17, 26]}":-0.0002649081,"{\"position\": [17, 27]}":0.5017506762,"{\"position\": [20, 26]}":11.2384157953},"4":{"{\"position\": [18, 27]}":0.3815889051,"{\"position\": [19, 27]}":-0.0002189357,"{\"position\": [18, 26]}":0.0366696497,"{\"position\": [19, 26]}":-0.0009660596,"{\"position\": [20, 27]}":0.0024418674,"{\"position\": [19, 28]}":49.99972996,"{\"position\": [17, 26]}":-0.0002649081,"{\"position\": [17, 27]}":50.4921432524,"{\"position\": [20, 26]}":-0.0003697506}}