{"0":{"{\"position\": [24, 8]}":757.2275292625,"{\"position\": [24, 7]}":220.2560700458,"{\"position\": [25, 8]}":217.0806660671,"{\"position\": [23, 7]}":-0.0003016627,"{\"position\": [23, 8]}":-0.0009709645},"1":{"{\"position\": [24, 8]}":236.8314998792,"{\"position\": [24, 7]}":0.0,"{\"position\": [25, 8]}":0.0593498721,"{\"position\": [23, 7]}":-0.0123716559,"{\"position\": [23, 8]}":-0.0090890437},"2":{"{\"position\": [24, 8]}":369.8398931909,"{\"position\": [24, 7]}":0.0,"{\"position\": [25, 8]}":-0.000928453,"{\"position\": [23, 7]}":151.09219686,"{\"position\": [23, 8]}":207.6043932315},"3":{"{\"position\": [24, 8]}":240.5318648557,"{\"position\": [24, 7]}":173.5701673705,"{\"position\": [25, 8]}":634.9076816691,"{\"position\": [23, 7]}":-0.0003016627,"{\"position\": [23, 8]}":-0.065961049},"4":{"{\"position\": [24, 8]}":406.4497767844,"{\"position\": [24, 7]}":894.8418467997,"{\"position\": [25, 8]}":165.5912585552,"{\"position\": [23, 7]}":-0.0003016627,"{\"position\": [23, 8]}":-0.0009709645}}