{"0":{"{\"position\": [26, 35]}":3.2439841783,"{\"position\": [27, 35]}":0.0864217652,"{\"position\": [26, 34]}":-0.0037809425,"{\"position\": [25, 34]}":-0.0060643605,"{\"position\": [25, 35]}":-0.001005875,"{\"position\": [27, 34]}":-0.0130597721,"{\"position\": [27, 36]}":-0.0003365796},"1":{"{\"position\": [26, 35]}":4.6726531145,"{\"position\": [27, 35]}":19.3648002086,"{\"position\": [26, 34]}":15.8765797927,"{\"position\": [25, 34]}":0.0042929038,"{\"position\": [25, 35]}":-0.0024865845,"{\"position\": [27, 34]}":-0.0009993477,"{\"position\": [27, 36]}":-0.0003365796},"2":{"{\"position\": [26, 35]}":5.9592354733,"{\"position\": [27, 35]}":0.0396804894,"{\"position\": [26, 34]}":-0.0021082747,"{\"position\": [25, 34]}":-0.0009775329,"{\"position\": [25, 35]}":17.6432389339,"{\"position\": [27, 34]}":-0.0053831094,"{\"position\": [27, 36]}":-0.00032004},"3":{"{\"position\": [26, 35]}":4.6590365069,"{\"position\": [27, 35]}":0.086230805,"{\"position\": [26, 34]}":-0.0303852532,"{\"position\": [25, 34]}":-0.0146527609,"{\"position\": [25, 35]}":-0.0366566918,"{\"position\": [27, 34]}":11.0668391624,"{\"position\": [27, 36]}":-0.0003016627},"4":{"{\"position\": [26, 35]}":4.4524334348,"{\"position\": [27, 35]}":90.7920513,"{\"position\": [26, 34]}":-0.0009789896,"{\"position\": [25, 34]}":0.0017185823,"{\"position\": [25, 35]}":-0.0009837704,"{\"position\": [27, 34]}":-0.0009993477,"{\"position\": [27, 36]}":49.9997134204}}