{"0":{"{\"position\": [30, 8]}":144.6614095037,"{\"position\": [30, 7]}":18.9264533287,"{\"position\": [31, 7]}":3.5790685488,"{\"position\": [31, 8]}":69.5956179566,"{\"position\": [29, 7]}":-0.0004311999},"1":{"{\"position\": [30, 8]}":0.0145527575,"{\"position\": [30, 7]}":19.4672165193,"{\"position\": [31, 7]}":3.704170283,"{\"position\": [31, 8]}":25.4715907691,"{\"position\": [29, 7]}":-0.0004170193},"2":{"{\"position\": [30, 8]}":-0.0009943091,"{\"position\": [30, 7]}":19.6956597393,"{\"position\": [31, 7]}":3.6889182025,"{\"position\": [31, 8]}":0.0134387484,"{\"position\": [29, 7]}":-0.0004012631},"3":{"{\"position\": [30, 8]}":-0.0009943755,"{\"position\": [30, 7]}":19.2432385473,"{\"position\": [31, 7]}":3.6683939979,"{\"position\": [31, 8]}":-0.0006027857,"{\"position\": [29, 7]}":-0.0752562272},"4":{"{\"position\": [30, 8]}":-0.0009946423,"{\"position\": [30, 7]}":241.3410853774,"{\"position\": [31, 7]}":145.771628229,"{\"position\": [31, 8]}":44.3824204461,"{\"position\": [29, 7]}":49.9996188001}}