{"0":{"{\"position\": [14, 43]}":0.997584662,"{\"position\": [13, 43]}":1.8516510363,"{\"position\": [13, 42]}":-0.0459809297,"{\"position\": [14, 42]}":0.700146422,"{\"position\": [15, 43]}":0.0583702413,"{\"position\": [16, 43]}":-0.0098839907,"{\"position\": [16, 42]}":-0.0065089306,"{\"position\": [15, 42]}":-0.0059854259,"{\"position\": [12, 43]}":-0.009279273,"{\"position\": [12, 42]}":-0.0208492223},"1":{"{\"position\": [14, 43]}":0.0068614645,"{\"position\": [13, 43]}":2.1648195421,"{\"position\": [13, 42]}":-0.0008870699,"{\"position\": [14, 42]}":1.0239672199,"{\"position\": [15, 43]}":0.0581357291,"{\"position\": [16, 43]}":-0.0019666712,"{\"position\": [16, 42]}":0.0186258649,"{\"position\": [15, 42]}":0.7632307339,"{\"position\": [12, 43]}":-0.002881632,"{\"position\": [12, 42]}":0.0196121588},"2":{"{\"position\": [14, 43]}":0.0070634536,"{\"position\": [13, 43]}":3.1657618544,"{\"position\": [13, 42]}":0.1120775152,"{\"position\": [14, 42]}":-0.0009862617,"{\"position\": [15, 43]}":3.4626863717,"{\"position\": [16, 43]}":-0.0752892767,"{\"position\": [16, 42]}":-0.0360497652,"{\"position\": [15, 42]}":-0.081066299,"{\"position\": [12, 43]}":15.339891013,"{\"position\": [12, 42]}":-0.0000975},"3":{"{\"position\": [14, 43]}":0.0066502889,"{\"position\": [13, 43]}":0.6133193156,"{\"position\": [13, 42]}":-0.0008840178,"{\"position\": [14, 42]}":-0.0009863893,"{\"position\": [15, 43]}":8.5353587388,"{\"position\": [16, 43]}":5.3522052271,"{\"position\": [16, 42]}":-0.0009962686,"{\"position\": [15, 42]}":-0.0009901116,"{\"position\": [12, 43]}":-0.0192063876,"{\"position\": [12, 42]}":-0.0000975},"4":{"{\"position\": [14, 43]}":0.0068672652,"{\"position\": [13, 43]}":0.6103685208,"{\"position\": [13, 42]}":-0.0008840178,"{\"position\": [14, 42]}":1.0707396621,"{\"position\": [15, 43]}":4.4274080837,"{\"position\": [16, 43]}":-0.0006027857,"{\"position\": [16, 42]}":-0.0009962686,"{\"position\": [15, 42]}":-0.0009901116,"{\"position\": [12, 43]}":-0.0009147424,"{\"position\": [12, 42]}":-0.0000975}}