{"0":{"{\"position\": [4, 33]}":0.0624842071,"{\"position\": [3, 33]}":-0.0447734983,"{\"position\": [4, 34]}":0.4342433884,"{\"position\": [3, 34]}":0.0,"{\"position\": [4, 35]}":0.2277416628,"{\"position\": [5, 35]}":1.2805888824,"{\"position\": [5, 34]}":1.1629560475,"{\"position\": [6, 34]}":0.7636711851,"{\"position\": [7, 34]}":0.5336311225,"{\"position\": [7, 33]}":0.0487914802,"{\"position\": [6, 33]}":0.0285667058,"{\"position\": [6, 35]}":0.5123557674,"{\"position\": [6, 36]}":0.1229600942,"{\"position\": [7, 35]}":0.0902751449,"{\"position\": [5, 36]}":3.8458363304,"{\"position\": [7, 36]}":6.1339904134,"{\"position\": [8, 36]}":14.1391832644,"{\"position\": [7, 37]}":19.698786964,"{\"position\": [6, 37]}":9.7103936669,"{\"position\": [5, 37]}":1.0413590165,"{\"position\": [4, 32]}":0.088294222,"{\"position\": [3, 32]}":-0.0101293805,"{\"position\": [5, 32]}":0.073335709,"{\"position\": [5, 31]}":-0.033725966,"{\"position\": [4, 31]}":0.0,"{\"position\": [5, 33]}":0.6996406676,"{\"position\": [8, 37]}":28.8352885653,"{\"position\": [9, 37]}":21.0403529816,"{\"position\": [9, 36]}":21.1885339073,"{\"position\": [8, 35]}":0.2730897021,"{\"position\": [9, 35]}":0.4977935158,"{\"position\": [10, 35]}":0.0,"{\"position\": [10, 36]}":-0.0160883042,"{\"position\": [11, 36]}":0.0,"{\"position\": [11, 37]}":0.0320299266,"{\"position\": [10, 37]}":4.8637384841,"{\"position\": [8, 34]}":0.4186053868},"1":{"{\"position\": [4, 33]}":0.063116337,"{\"position\": [3, 33]}":0.0,"{\"position\": [4, 34]}":0.8751756829,"{\"position\": [3, 34]}":0.0,"{\"position\": [4, 35]}":0.3510153525,"{\"position\": [5, 35]}":7.5209142993,"{\"position\": [5, 34]}":4.7011747872,"{\"position\": [6, 34]}":0.7419065432,"{\"position\": [7, 34]}":0.6573838243,"{\"position\": [7, 33]}":0.8567333531,"{\"position\": [6, 33]}":0.9149190675,"{\"position\": [6, 35]}":3.2643053059,"{\"position\": [6, 36]}":-24.8406964693,"{\"position\": [7, 35]}":0.3504008417,"{\"position\": [5, 36]}":10.3344949628,"{\"position\": [7, 36]}":-24.8827777909,"{\"position\": [8, 36]}":14.0269663746,"{\"position\": [7, 37]}":6.6908374475,"{\"position\": [6, 37]}":-25.0,"{\"position\": [5, 37]}":-25.0,"{\"position\": [4, 32]}":0.0573706333,"{\"position\": [3, 32]}":0.0,"{\"position\": [5, 32]}":0.3508687924,"{\"position\": [5, 31]}":0.0,"{\"position\": [4, 31]}":0.1299815463,"{\"position\": [5, 33]}":2.6583863862,"{\"position\": [8, 37]}":4.9006823681,"{\"position\": [9, 37]}":13.5652933747,"{\"position\": [9, 36]}":21.0181217683,"{\"position\": [8, 35]}":0.2633156405,"{\"position\": [9, 35]}":0.4876083139,"{\"position\": [10, 35]}":0.0,"{\"position\": [10, 36]}":5.3439228043,"{\"position\": [11, 36]}":0.0068034784,"{\"position\": [11, 37]}":0.0337157122,"{\"position\": [10, 37]}":7.4620809247,"{\"position\": [8, 34]}":0.6102592156},"2":{"{\"position\": [4, 33]}":1.5802553539,"{\"position\": [3, 33]}":0.0505431958,"{\"position\": [4, 34]}":0.4481871495,"{\"position\": [3, 34]}":0.0812397346,"{\"position\": [4, 35]}":1.1961242063,"{\"position\": [5, 35]}":0.9167049295,"{\"position\": [5, 34]}":0.668924321,"{\"position\": [6, 34]}":0.7658102783,"{\"position\": [7, 34]}":0.6432997208,"{\"position\": [7, 33]}":0.0513594529,"{\"position\": [6, 33]}":0.0557890227,"{\"position\": [6, 35]}":0.4176265378,"{\"position\": [6, 36]}":0.3320683958,"{\"position\": [7, 35]}":0.0912883622,"{\"position\": [5, 36]}":0.1732990122,"{\"position\": [7, 36]}":19.9135531911,"{\"position\": [8, 36]}":14.336580813,"{\"position\": [7, 37]}":27.0366881366,"{\"position\": [6, 37]}":21.5803050522,"{\"position\": [5, 37]}":14.5672872315,"{\"position\": [4, 32]}":0.4184590723,"{\"position\": [3, 32]}":0.0986323023,"{\"position\": [5, 32]}":0.1022700415,"{\"position\": [5, 31]}":0.0,"{\"position\": [4, 31]}":0.0,"{\"position\": [5, 33]}":0.2384448794,"{\"position\": [8, 37]}":24.2876782245,"{\"position\": [9, 37]}":8.077795734,"{\"position\": [9, 36]}":19.8064947764,"{\"position\": [8, 35]}":0.2593931585,"{\"position\": [9, 35]}":0.5005373792,"{\"position\": [10, 35]}":-0.0667081532,"{\"position\": [10, 36]}":-0.0576514462,"{\"position\": [11, 36]}":0.0,"{\"position\": [11, 37]}":0.0132989754,"{\"position\": [10, 37]}":0.0337003406,"{\"position\": [8, 34]}":0.5347152481},"3":{"{\"position\": [4, 33]}":0.6118341191,"{\"position\": [3, 33]}":0.0,"{\"position\": [4, 34]}":0.43407386,"{\"position\": [3, 34]}":0.0,"{\"position\": [4, 35]}":0.152317659,"{\"position\": [5, 35]}":1.2075072408,"{\"position\": [5, 34]}":0.3530948868,"{\"position\": [6, 34]}":0.764070858,"{\"position\": [7, 34]}":0.5975541761,"{\"position\": [7, 33]}":0.0095581543,"{\"position\": [6, 33]}":0.0860058678,"{\"position\": [6, 35]}":0.4011993016,"{\"position\": [6, 36]}":0.09620203,"{\"position\": [7, 35]}":0.0908977704,"{\"position\": [5, 36]}":0.9488178666,"{\"position\": [7, 36]}":9.942184967,"{\"position\": [8, 36]}":14.1142240505,"{\"position\": [7, 37]}":16.2513134952,"{\"position\": [6, 37]}":7.4968158603,"{\"position\": [5, 37]}":3.9078701696,"{\"position\": [4, 32]}":0.0520755132,"{\"position\": [3, 32]}":0.0191497249,"{\"position\": [5, 32]}":0.2502150255,"{\"position\": [5, 31]}":-0.0335330382,"{\"position\": [4, 31]}":0.0,"{\"position\": [5, 33]}":0.2259367893,"{\"position\": [8, 37]}":29.9265320576,"{\"position\": [9, 37]}":8.1009910991,"{\"position\": [9, 36]}":19.6651047568,"{\"position\": [8, 35]}":0.3831284086,"{\"position\": [9, 35]}":0.629364513,"{\"position\": [10, 35]}":0.0982424553,"{\"position\": [10, 36]}":0.0,"{\"position\": [11, 36]}":0.0,"{\"position\": [11, 37]}":0.1087184514,"{\"position\": [10, 37]}":7.205730132,"{\"position\": [8, 34]}":0.0},"4":{"{\"position\": [4, 33]}":0.0639452444,"{\"position\": [3, 33]}":0.0341166572,"{\"position\": [4, 34]}":0.4389557542,"{\"position\": [3, 34]}":0.0,"{\"position\": [4, 35]}":0.3291260934,"{\"position\": [5, 35]}":0.7739127323,"{\"position\": [5, 34]}":0.8003031376,"{\"position\": [6, 34]}":0.7214202606,"{\"position\": [7, 34]}":0.5706864876,"{\"position\": [7, 33]}":0.0481371278,"{\"position\": [6, 33]}":0.0811083748,"{\"position\": [6, 35]}":0.119838601,"{\"position\": [6, 36]}":0.1487811122,"{\"position\": [7, 35]}":0.0921724737,"{\"position\": [5, 36]}":1.1187751198,"{\"position\": [7, 36]}":6.3680706029,"{\"position\": [8, 36]}":13.6906797047,"{\"position\": [7, 37]}":-15.5459873644,"{\"position\": [6, 37]}":1.112073233,"{\"position\": [5, 37]}":-25.0,"{\"position\": [4, 32]}":0.0902172394,"{\"position\": [3, 32]}":0.0,"{\"position\": [5, 32]}":0.0226334011,"{\"position\": [5, 31]}":0.0,"{\"position\": [4, 31]}":0.0,"{\"position\": [5, 33]}":0.3776303247,"{\"position\": [8, 37]}":33.2283205364,"{\"position\": [9, 37]}":8.0455435056,"{\"position\": [9, 36]}":20.6348319793,"{\"position\": [8, 35]}":0.252342653,"{\"position\": [9, 35]}":0.4776222837,"{\"position\": [10, 35]}":0.0,"{\"position\": [10, 36]}":0.0,"{\"position\": [11, 36]}":0.0,"{\"position\": [11, 37]}":0.0337157122,"{\"position\": [10, 37]}":7.0901513141,"{\"position\": [8, 34]}":0.577174387}}