{"0":{"{\"position\": [20, 19]}":0.0061734314,"{\"position\": [20, 18]}":-0.0568269291,"{\"position\": [19, 18]}":-0.0040938653,"{\"position\": [19, 19]}":0.76861697,"{\"position\": [21, 19]}":-0.0062057999,"{\"position\": [21, 18]}":-0.0421968476,"{\"position\": [18, 19]}":-0.0103037802,"{\"position\": [18, 18]}":-0.0208492223,"{\"position\": [20, 17]}":-0.0009989293},"1":{"{\"position\": [20, 19]}":-0.0030125676,"{\"position\": [20, 18]}":0.2027277686,"{\"position\": [19, 18]}":0.046737183,"{\"position\": [19, 19]}":1.9819497163,"{\"position\": [21, 19]}":-0.0052582759,"{\"position\": [21, 18]}":1.0326009666,"{\"position\": [18, 19]}":-0.0029649813,"{\"position\": [18, 18]}":0.0192652662,"{\"position\": [20, 17]}":-0.0009988974},"2":{"{\"position\": [20, 19]}":0.0059357652,"{\"position\": [20, 18]}":-0.0046822227,"{\"position\": [19, 18]}":0.1102073282,"{\"position\": [19, 19]}":4.6424114012,"{\"position\": [21, 19]}":-0.0743313401,"{\"position\": [21, 18]}":-0.0007333679,"{\"position\": [18, 19]}":21.1034516775,"{\"position\": [18, 18]}":-0.0007684317,"{\"position\": [20, 17]}":-0.0021558697},"3":{"{\"position\": [20, 19]}":0.0059466695,"{\"position\": [20, 18]}":-0.001364974,"{\"position\": [19, 18]}":0.0468442889,"{\"position\": [19, 19]}":2.0384166886,"{\"position\": [21, 19]}":1.7004381691,"{\"position\": [21, 18]}":-0.0007364799,"{\"position\": [18, 19]}":-0.0056394797,"{\"position\": [18, 18]}":-0.0007621731,"{\"position\": [20, 17]}":-0.0009988819},"4":{"{\"position\": [20, 19]}":50.0059146179,"{\"position\": [20, 18]}":-0.0009994256,"{\"position\": [19, 18]}":0.0461558799,"{\"position\": [19, 19]}":0.7523209357,"{\"position\": [21, 19]}":1.741562667,"{\"position\": [21, 18]}":-0.0007364799,"{\"position\": [18, 19]}":2.4729735914,"{\"position\": [18, 18]}":-0.0007670274,"{\"position\": [20, 17]}":-0.0009988741}}