{"0":{"{\"position\": [22, 43]}":0.4559915905,"{\"position\": [23, 43]}":2.8301640002,"{\"position\": [22, 42]}":-0.0737490547,"{\"position\": [24, 43]}":-0.0003697506,"{\"position\": [23, 42]}":-0.0702493484},"1":{"{\"position\": [22, 43]}":0.4709339373,"{\"position\": [23, 43]}":42.0494472667,"{\"position\": [22, 42]}":1.2550315097,"{\"position\": [24, 43]}":2.8908696938,"{\"position\": [23, 42]}":17.7563682675},"2":{"{\"position\": [22, 43]}":76.0010057135,"{\"position\": [23, 43]}":2.8749074074,"{\"position\": [22, 42]}":-0.0002649081,"{\"position\": [24, 43]}":-0.0003697506,"{\"position\": [23, 42]}":-0.0337561159},"3":{"{\"position\": [22, 43]}":0.4709168035,"{\"position\": [23, 43]}":25.398118843,"{\"position\": [22, 42]}":-0.0002649081,"{\"position\": [24, 43]}":8.5854820437,"{\"position\": [23, 42]}":-0.0008501097},"4":{"{\"position\": [22, 43]}":0.4701773826,"{\"position\": [23, 43]}":91.4520141816,"{\"position\": [22, 42]}":-0.0002649081,"{\"position\": [24, 43]}":8.8511177216,"{\"position\": [23, 42]}":-0.0008501097}}