{"0":{"{\"position\": [30, 35]}":19.8349072942,"{\"position\": [29, 35]}":18.6728460056,"{\"position\": [31, 35]}":6.7030464005,"{\"position\": [30, 34]}":-0.0393296307,"{\"position\": [29, 34]}":-0.0009524953,"{\"position\": [31, 34]}":-0.0331053844,"{\"position\": [32, 35]}":-0.0005598733},"1":{"{\"position\": [30, 35]}":19.3907138855,"{\"position\": [29, 35]}":0.0,"{\"position\": [31, 35]}":5.7787441686,"{\"position\": [30, 34]}":19.6200287634,"{\"position\": [29, 34]}":-0.0009521771,"{\"position\": [31, 34]}":-0.0008748697,"{\"position\": [32, 35]}":-0.0005714556},"2":{"{\"position\": [30, 35]}":14.5202981237,"{\"position\": [29, 35]}":42.4558575812,"{\"position\": [31, 35]}":2.5695067781,"{\"position\": [30, 34]}":0.0336903859,"{\"position\": [29, 34]}":0.046045525,"{\"position\": [31, 34]}":-0.0008779135,"{\"position\": [32, 35]}":-0.0369584041},"3":{"{\"position\": [30, 35]}":19.8590815422,"{\"position\": [29, 35]}":5.5586844987,"{\"position\": [31, 35]}":-0.0006926431,"{\"position\": [30, 34]}":0.0340228061,"{\"position\": [29, 34]}":-0.0009515055,"{\"position\": [31, 34]}":13.1239282058,"{\"position\": [32, 35]}":-0.0005598733},"4":{"{\"position\": [30, 35]}":69.2095063722,"{\"position\": [29, 35]}":16.9545721818,"{\"position\": [31, 35]}":4.6253291009,"{\"position\": [30, 34]}":0.0329792132,"{\"position\": [29, 34]}":-0.0009515055,"{\"position\": [31, 34]}":-0.0008714878,"{\"position\": [32, 35]}":97.4995156203}}