{"0":{"{\"position\": [18, 27]}":0.2185339963,"{\"position\": [19, 27]}":-0.0268676997,"{\"position\": [18, 26]}":-0.0004896785,"{\"position\": [19, 26]}":-0.0069523385,"{\"position\": [20, 27]}":0.0024300408,"{\"position\": [19, 28]}":-0.0002842526,"{\"position\": [17, 26]}":-0.0003016627,"{\"position\": [17, 27]}":1.2294736452,"{\"position\": [20, 26]}":-0.0262272747},"1":{"{\"position\": [18, 27]}":-0.0712152334,"{\"position\": [19, 27]}":-0.031271756,"{\"position\": [18, 26]}":0.4229050577,"{\"position\": [19, 26]}":0.0612777423,"{\"position\": [20, 27]}":0.002461539,"{\"position\": [19, 28]}":-0.0003016627,"{\"position\": [17, 26]}":0.0119699932,"{\"position\": [17, 27]}":1.2065281762,"{\"position\": [20, 26]}":-0.0003697506},"2":{"{\"position\": [18, 27]}":0.0010524317,"{\"position\": [19, 27]}":-0.0613957287,"{\"position\": [18, 26]}":-0.0004849029,"{\"position\": [19, 26]}":-0.0009667088,"{\"position\": [20, 27]}":-0.0878890464,"{\"position\": [19, 28]}":-0.0333667711,"{\"position\": [17, 26]}":-0.0002649081,"{\"position\": [17, 27]}":1.8489989146,"{\"position\": [20, 26]}":0.0544720664},"3":{"{\"position\": [18, 27]}":0.001079695,"{\"position\": [19, 27]}":0.0736123108,"{\"position\": [18, 26]}":0.3176868734,"{\"position\": [19, 26]}":-0.0009659701,"{\"position\": [20, 27]}":0.2752573963,"{\"position\": [19, 28]}":-0.0002649081,"{\"position\": [17, 26]}":-0.0002649081,"{\"position\": [17, 27]}":1.7136702984,"{\"position\": [20, 26]}":11.2384157953},"4":{"{\"position\": [18, 27]}":0.0011321074,"{\"position\": [19, 27]}":-0.0002189357,"{\"position\": [18, 26]}":-0.0005039603,"{\"position\": [19, 26]}":-0.0009660596,"{\"position\": [20, 27]}":0.0024418674,"{\"position\": [19, 28]}":49.99972996,"{\"position\": [17, 26]}":-0.0002649081,"{\"position\": [17, 27]}":1.1783094257,"{\"position\": [20, 26]}":-0.0003697506}}