{"0":{"{\"position\": [14, 26]}":0.0276883918,"{\"position\": [15, 26]}":0.0396585705,"{\"position\": [14, 27]}":-0.0016722117,"{\"position\": [15, 27]}":0.1303363938,"{\"position\": [14, 25]}":-0.0742305222,"{\"position\": [15, 25]}":-0.0003016627,"{\"position\": [13, 27]}":0.0110093103,"{\"position\": [13, 26]}":-0.0228931287,"{\"position\": [15, 28]}":0.3048531475},"1":{"{\"position\": [14, 26]}":0.104207206,"{\"position\": [15, 26]}":0.0403503166,"{\"position\": [14, 27]}":10.3209508898,"{\"position\": [15, 27]}":0.0412799185,"{\"position\": [14, 25]}":0.204696839,"{\"position\": [15, 25]}":-0.0002842526,"{\"position\": [13, 27]}":0.0108793099,"{\"position\": [13, 26]}":0.3205707257,"{\"position\": [15, 28]}":-0.0000975},"2":{"{\"position\": [14, 26]}":0.0687146706,"{\"position\": [15, 26]}":0.0407965618,"{\"position\": [14, 27]}":-0.0045684226,"{\"position\": [15, 27]}":0.037935023,"{\"position\": [14, 25]}":-0.0037769098,"{\"position\": [15, 25]}":-0.025884454,"{\"position\": [13, 27]}":7.5081559433,"{\"position\": [13, 26]}":0.0355402769,"{\"position\": [15, 28]}":-0.0000975},"3":{"{\"position\": [14, 26]}":0.0277661461,"{\"position\": [15, 26]}":0.2215111352,"{\"position\": [14, 27]}":8.2327160406,"{\"position\": [15, 27]}":0.0414163799,"{\"position\": [14, 25]}":-0.0014033444,"{\"position\": [15, 25]}":0.0989882847,"{\"position\": [13, 27]}":0.0108547157,"{\"position\": [13, 26]}":0.020025749,"{\"position\": [15, 28]}":-0.0000975},"4":{"{\"position\": [14, 26]}":0.0881490605,"{\"position\": [15, 26]}":0.032771661,"{\"position\": [14, 27]}":60.2781841738,"{\"position\": [15, 27]}":0.0413678175,"{\"position\": [14, 25]}":-0.0006764665,"{\"position\": [15, 25]}":-0.0002934158,"{\"position\": [13, 27]}":0.0107496531,"{\"position\": [13, 26]}":0.0394085899,"{\"position\": [15, 28]}":-0.0000975}}