{"0":{"{\"position\": [32, 19]}":0.0609475871,"{\"position\": [31, 19]}":0.1305701727,"{\"position\": [31, 18]}":-0.0009715475,"{\"position\": [32, 18]}":0.1158552626,"{\"position\": [30, 19]}":-0.0008906201,"{\"position\": [30, 18]}":-0.0003863361},"1":{"{\"position\": [32, 19]}":12.1952822334,"{\"position\": [31, 19]}":0.5711930536,"{\"position\": [31, 18]}":-0.0009714162,"{\"position\": [32, 18]}":0.186741099,"{\"position\": [30, 19]}":-0.0008927164,"{\"position\": [30, 18]}":-0.0004012631},"2":{"{\"position\": [32, 19]}":0.0601082222,"{\"position\": [31, 19]}":0.6886808394,"{\"position\": [31, 18]}":0.1071688553,"{\"position\": [32, 18]}":0.0481024336,"{\"position\": [30, 19]}":4.0987722527,"{\"position\": [30, 18]}":0.119885434},"3":{"{\"position\": [32, 19]}":0.0606783893,"{\"position\": [31, 19]}":0.1423233326,"{\"position\": [31, 18]}":0.0582326668,"{\"position\": [32, 18]}":0.1083727441,"{\"position\": [30, 19]}":-0.0008898169,"{\"position\": [30, 18]}":-0.0003697506},"4":{"{\"position\": [32, 19]}":61.9046064914,"{\"position\": [31, 19]}":0.7089390094,"{\"position\": [31, 18]}":-0.0009730612,"{\"position\": [32, 18]}":0.048400309,"{\"position\": [30, 19]}":-0.0008898169,"{\"position\": [30, 18]}":0.0749474425}}