{"0":{"{\"position\": [18, 35]}":2.0887727079,"{\"position\": [19, 35]}":0.8852915035,"{\"position\": [18, 34]}":-0.0282954045,"{\"position\": [19, 34]}":-0.0686631628,"{\"position\": [17, 35]}":-0.0004012631,"{\"position\": [20, 35]}":-0.0034779812,"{\"position\": [20, 34]}":-0.0105284367},"1":{"{\"position\": [18, 35]}":2.0356086052,"{\"position\": [19, 35]}":0.8763220577,"{\"position\": [18, 34]}":48.246652218,"{\"position\": [19, 34]}":0.0109987824,"{\"position\": [17, 35]}":-0.0004012631,"{\"position\": [20, 35]}":-0.0158473399,"{\"position\": [20, 34]}":0.0130529727},"2":{"{\"position\": [18, 35]}":61.1526711447,"{\"position\": [19, 35]}":0.8801853185,"{\"position\": [18, 34]}":-0.0022473779,"{\"position\": [19, 34]}":-0.0373208166,"{\"position\": [17, 35]}":14.6705358835,"{\"position\": [20, 35]}":-0.0726879876,"{\"position\": [20, 34]}":-0.0002262191},"3":{"{\"position\": [18, 35]}":24.8062469501,"{\"position\": [19, 35]}":0.903949567,"{\"position\": [18, 34]}":-0.0254546377,"{\"position\": [19, 34]}":24.663946479,"{\"position\": [17, 35]}":-0.0003697506,"{\"position\": [20, 35]}":23.9617810643,"{\"position\": [20, 34]}":-0.0002262191},"4":{"{\"position\": [18, 35]}":39.2638608507,"{\"position\": [19, 35]}":50.8539664927,"{\"position\": [18, 34]}":-0.0009462665,"{\"position\": [19, 34]}":-0.0009452269,"{\"position\": [17, 35]}":-0.0003697506,"{\"position\": [20, 35]}":-0.0008062885,"{\"position\": [20, 34]}":-0.0002262191}}