{"0":{"{\"position\": [26, 27]}":-0.0016645103,"{\"position\": [27, 27]}":0.0030888119,"{\"position\": [26, 26]}":-0.0001746415,"{\"position\": [25, 27]}":2.2150795241,"{\"position\": [25, 26]}":-0.0040299734,"{\"position\": [27, 26]}":-0.0074488066,"{\"position\": [28, 27]}":0.0953751381,"{\"position\": [28, 26]}":-0.0004012631,"{\"position\": [27, 28]}":-0.0004012631,"{\"position\": [26, 25]}":-0.0375547447,"{\"position\": [27, 25]}":-0.0000975},"1":{"{\"position\": [26, 27]}":-0.0111404171,"{\"position\": [27, 27]}":-0.0009978871,"{\"position\": [26, 26]}":0.8098004629,"{\"position\": [25, 27]}":1.780070541,"{\"position\": [25, 26]}":-0.0007364799,"{\"position\": [27, 26]}":-0.0009998495,"{\"position\": [28, 27]}":9.5074372635,"{\"position\": [28, 26]}":-0.0004012631,"{\"position\": [27, 28]}":-0.0004170193,"{\"position\": [26, 25]}":1.2532252243,"{\"position\": [27, 25]}":3.144974843},"2":{"{\"position\": [26, 27]}":0.3367708364,"{\"position\": [27, 27]}":-0.0099570777,"{\"position\": [26, 26]}":-0.0001406097,"{\"position\": [25, 27]}":11.1033648725,"{\"position\": [25, 26]}":0.1031484802,"{\"position\": [27, 26]}":-0.0009998434,"{\"position\": [28, 27]}":0.052126665,"{\"position\": [28, 26]}":-0.0004012631,"{\"position\": [27, 28]}":-0.0514179949,"{\"position\": [26, 25]}":-0.0112388583,"{\"position\": [27, 25]}":-0.00005},"3":{"{\"position\": [26, 27]}":-0.004125,"{\"position\": [27, 27]}":-0.0009978216,"{\"position\": [26, 26]}":-0.0001705962,"{\"position\": [25, 27]}":-0.0738556005,"{\"position\": [25, 26]}":-0.0007226104,"{\"position\": [27, 26]}":-0.0009998461,"{\"position\": [28, 27]}":19.934434933,"{\"position\": [28, 26]}":0.306511867,"{\"position\": [27, 28]}":-0.0004012631,"{\"position\": [26, 25]}":-0.0026931674,"{\"position\": [27, 25]}":-0.00005},"4":{"{\"position\": [26, 27]}":-0.001,"{\"position\": [27, 27]}":-0.0009979057,"{\"position\": [26, 26]}":-0.0001704724,"{\"position\": [25, 27]}":-0.0009524953,"{\"position\": [25, 26]}":-0.0007226104,"{\"position\": [27, 26]}":-0.0009998512,"{\"position\": [28, 27]}":0.0507847811,"{\"position\": [28, 26]}":-0.0003697506,"{\"position\": [27, 28]}":49.9996487369,"{\"position\": [26, 25]}":-0.0003365796,"{\"position\": [27, 25]}":-0.00005}}