{"0":{"{\"position\": [25, 19]}":4.5871362575,"{\"position\": [26, 19]}":-0.0004947964,"{\"position\": [26, 18]}":0.0235315964,"{\"position\": [25, 18]}":0.2241473566,"{\"position\": [27, 19]}":0.0934879984,"{\"position\": [27, 18]}":0.1046299869,"{\"position\": [28, 19]}":-0.0112996927,"{\"position\": [28, 18]}":-0.0230631779,"{\"position\": [24, 19]}":-0.0119196429,"{\"position\": [24, 18]}":-0.0125310749,"{\"position\": [26, 17]}":-0.073078426,"{\"position\": [25, 17]}":-0.0009717286},"1":{"{\"position\": [25, 19]}":-24.3063120152,"{\"position\": [26, 19]}":-0.0004815064,"{\"position\": [26, 18]}":5.0949366904,"{\"position\": [25, 18]}":0.0069495363,"{\"position\": [27, 19]}":0.0471554849,"{\"position\": [27, 18]}":0.086567026,"{\"position\": [28, 19]}":-0.0007496559,"{\"position\": [28, 18]}":-0.0000975,"{\"position\": [24, 19]}":-0.0008870699,"{\"position\": [24, 18]}":2.6422272799,"{\"position\": [26, 17]}":0.1648013119,"{\"position\": [25, 17]}":-0.0009724163},"2":{"{\"position\": [25, 19]}":0.007959841,"{\"position\": [26, 19]}":-0.0004953692,"{\"position\": [26, 18]}":0.0254035746,"{\"position\": [25, 18]}":0.2241141952,"{\"position\": [27, 19]}":0.0474387757,"{\"position\": [27, 18]}":0.0828906082,"{\"position\": [28, 19]}":-0.0007434146,"{\"position\": [28, 18]}":-0.00005,"{\"position\": [24, 19]}":7.0038330426,"{\"position\": [24, 18]}":0.00837932,"{\"position\": [26, 17]}":-0.0014471275,"{\"position\": [25, 17]}":0.0487497948},"3":{"{\"position\": [25, 19]}":0.0076587099,"{\"position\": [26, 19]}":7.270201099,"{\"position\": [26, 18]}":0.0250893254,"{\"position\": [25, 18]}":0.2244319218,"{\"position\": [27, 19]}":0.0467562575,"{\"position\": [27, 18]}":0.2536198445,"{\"position\": [28, 19]}":-0.0007466995,"{\"position\": [28, 18]}":-0.00005,"{\"position\": [24, 19]}":-0.0008840178,"{\"position\": [24, 18]}":-0.0705812595,"{\"position\": [26, 17]}":-0.0074403332,"{\"position\": [25, 17]}":-0.0184376289},"4":{"{\"position\": [25, 19]}":5.8281545367,"{\"position\": [26, 19]}":-0.0004992213,"{\"position\": [26, 18]}":0.0251774402,"{\"position\": [25, 18]}":0.2314613543,"{\"position\": [27, 19]}":0.0768139565,"{\"position\": [27, 18]}":-0.0009005597,"{\"position\": [28, 19]}":-0.0007482555,"{\"position\": [28, 18]}":-0.00005,"{\"position\": [24, 19]}":-0.0008885157,"{\"position\": [24, 18]}":-0.0009790919,"{\"position\": [26, 17]}":-0.0008029128,"{\"position\": [25, 17]}":-0.0009724163}}