{"0":{"{\"position\": [4, 9]}":164.8312493349,"{\"position\": [4, 10]}":251.0239776631,"{\"position\": [4, 8]}":0.0511570593,"{\"position\": [5, 9]}":5.1353930476,"{\"position\": [6, 9]}":2.1537247358,"{\"position\": [3, 9]}":-22.5522811201,"{\"position\": [5, 8]}":0.0,"{\"position\": [6, 8]}":0.0,"{\"position\": [5, 10]}":165.8001555961,"{\"position\": [6, 7]}":0.0,"{\"position\": [5, 7]}":0.0,"{\"position\": [4, 7]}":0.000001464,"{\"position\": [3, 7]}":0.0,"{\"position\": [2, 7]}":0.0,"{\"position\": [3, 8]}":-21.086039463,"{\"position\": [3, 10]}":280.3739922406,"{\"position\": [2, 9]}":13.9586349346,"{\"position\": [2, 8]}":0.0},"1":{"{\"position\": [4, 9]}":58.9119346684,"{\"position\": [4, 10]}":369.6289849021,"{\"position\": [4, 8]}":213.1811418278,"{\"position\": [5, 9]}":6.7129384422,"{\"position\": [6, 9]}":5.2951152453,"{\"position\": [3, 9]}":271.5641476436,"{\"position\": [5, 8]}":0.0,"{\"position\": [6, 8]}":0.0,"{\"position\": [5, 10]}":75.59744312,"{\"position\": [6, 7]}":0.0,"{\"position\": [5, 7]}":0.0,"{\"position\": [4, 7]}":0.2454989676,"{\"position\": [3, 7]}":0.0,"{\"position\": [2, 7]}":0.0,"{\"position\": [3, 8]}":91.2280843052,"{\"position\": [3, 10]}":-25.0,"{\"position\": [2, 9]}":0.0,"{\"position\": [2, 8]}":0.0},"2":{"{\"position\": [4, 9]}":148.8625325859,"{\"position\": [4, 10]}":240.0475868614,"{\"position\": [4, 8]}":0.049527229,"{\"position\": [5, 9]}":6.902476648,"{\"position\": [6, 9]}":5.3002136667,"{\"position\": [3, 9]}":-24.3817194782,"{\"position\": [5, 8]}":0.0,"{\"position\": [6, 8]}":0.0,"{\"position\": [5, 10]}":0.0,"{\"position\": [6, 7]}":0.0,"{\"position\": [5, 7]}":0.0,"{\"position\": [4, 7]}":0.0000007547,"{\"position\": [3, 7]}":0.0144065552,"{\"position\": [2, 7]}":0.0,"{\"position\": [3, 8]}":0.000026684,"{\"position\": [3, 10]}":316.8248441951,"{\"position\": [2, 9]}":0.0,"{\"position\": [2, 8]}":29.4722660465},"3":{"{\"position\": [4, 9]}":224.2216520459,"{\"position\": [4, 10]}":332.6653492159,"{\"position\": [4, 8]}":0.0514489599,"{\"position\": [5, 9]}":182.6294103241,"{\"position\": [6, 9]}":7.0534518383,"{\"position\": [3, 9]}":165.1766729925,"{\"position\": [5, 8]}":0.0,"{\"position\": [6, 8]}":0.0000047619,"{\"position\": [5, 10]}":83.4734830132,"{\"position\": [6, 7]}":0.0,"{\"position\": [5, 7]}":0.0000007115,"{\"position\": [4, 7]}":0.0000014578,"{\"position\": [3, 7]}":0.0,"{\"position\": [2, 7]}":-25.0,"{\"position\": [3, 8]}":0.0000268559,"{\"position\": [3, 10]}":279.8336934826,"{\"position\": [2, 9]}":0.0,"{\"position\": [2, 8]}":0.0},"4":{"{\"position\": [4, 9]}":117.8502598595,"{\"position\": [4, 10]}":332.6660864119,"{\"position\": [4, 8]}":0.0495782086,"{\"position\": [5, 9]}":125.1923457794,"{\"position\": [6, 9]}":7.4711379286,"{\"position\": [3, 9]}":85.2308736925,"{\"position\": [5, 8]}":0.0,"{\"position\": [6, 8]}":0.0,"{\"position\": [5, 10]}":103.0333127094,"{\"position\": [6, 7]}":0.0,"{\"position\": [5, 7]}":0.0,"{\"position\": [4, 7]}":0.0000014336,"{\"position\": [3, 7]}":0.0,"{\"position\": [2, 7]}":0.0,"{\"position\": [3, 8]}":-24.9999665518,"{\"position\": [3, 10]}":278.9298861247,"{\"position\": [2, 9]}":0.0,"{\"position\": [2, 8]}":0.0}}